player_name,player_id,team,position,passing_yards,passing_tds,interceptions,completions,attempts,rushing_yards,rushing_tds,rushing_attempts,receiving_yards,receiving_tds,receptions
A.Rodgers,00-0023459,NYJ,QB,151.0,0.0,0.0,22.0,38,0.0,0.0,0,0.0,0.0,0.0
J.Flacco,00-0026158,IND,QB,272.0,2.0,3.0,26.0,39,0.0,0.0,0,0.0,0.0,0.0
M.Stafford,00-0026498,LA,QB,293.0,0.0,1.0,32.0,50,0.0,0.0,1,0.0,0.0,0.0
R.Wilson,00-0029263,PIT,QB,195.0,3.0,1.0,14.0,31,3.0,0.0,4,0.0,0.0,0.0
K.Cousins,00-0029604,ATL,QB,306.0,0.0,1.0,23.0,41,0.0,0.0,0,0.0,0.0,0.0
D.Carr,00-0031280,NO,QB,269.0,2.0,0.0,16.0,25,17.0,0.0,4,0.0,0.0,0.0
M.Killebrew,00-0032399,PIT,QB,0.0,0.0,0.0,0.0,1,0.0,0.0,0,0.0,0.0,0.0
J.Goff,00-0033106,DET,QB,240.0,2.0,5.0,15.0,30,2.0,0.0,1,0.0,0.0,0.0
C.Rush,00-0033662,DAL,QB,45.0,0.0,0.0,13.0,24,2.0,0.0,2,0.0,0.0,0.0
P.Mahomes,00-0033873,KC,QB,266.0,1.0,0.0,28.0,46,19.0,0.0,3,0.0,0.0,0.0
L.Jackson,00-0034796,BAL,QB,290.0,4.0,0.0,25.0,33,33.0,0.0,8,0.0,0.0,0.0
B.Mayfield,00-0034855,TB,QB,116.0,1.0,0.0,18.0,31,3.0,0.0,3,0.0,0.0,0.0
J.Allen,00-0034857,BUF,QB,280.0,0.0,2.0,22.0,39,50.0,1.0,8,0.0,0.0,0.0
S.Darnold,00-0034869,MIN,QB,241.0,0.0,3.0,24.0,39,28.0,0.0,7,0.0,0.0,0.0
K.Murray,00-0035228,ARI,QB,266.0,1.0,0.0,22.0,25,21.0,2.0,3,0.0,0.0,0.0
D.Jones,00-0035710,NYG,QB,190.0,0.0,2.0,22.0,39,26.0,1.0,7,0.0,0.0,0.0
T.Tagovailoa,00-0036212,MIA,QB,207.0,1.0,1.0,20.0,31,-1.0,0.0,1,0.0,0.0,0.0
J.Herbert,00-0036355,LAC,QB,164.0,1.0,0.0,14.0,18,32.0,1.0,9,0.0,0.0,0.0
J.Hurts,00-0036389,PHI,QB,202.0,2.0,1.0,14.0,25,56.0,2.0,7,0.0,0.0,0.0
J.Burrow,00-0036442,CIN,QB,428.0,4.0,0.0,34.0,60,6.0,0.0,2,0.0,0.0,0.0
M.Jones,00-0036972,JAX,QB,111.0,0.0,2.0,14.0,25,8.0,1.0,5,0.0,0.0,0.0
T.Lance,00-0037012,DAL,QB,21.0,0.0,1.0,4.0,8,17.0,0.0,3,0.0,0.0,0.0
B.Purdy,00-0037834,SF,QB,353.0,2.0,0.0,25.0,39,17.0,0.0,4,0.0,0.0,0.0
K.Pickett,00-0038102,PHI,QB,5.0,0.0,0.0,1.0,2,1.0,0.0,1,0.0,0.0,0.0
B.Young,00-0039150,CAR,QB,126.0,1.0,0.0,15.0,26,30.0,0.0,2,0.0,0.0,0.0
W.Levis,00-0039152,TEN,QB,175.0,2.0,0.0,18.0,30,41.0,0.0,5,0.0,0.0,0.0
C.Stroud,00-0039163,HOU,QB,232.0,1.0,2.0,19.0,37,5.0,0.0,1,0.0,0.0,0.0
B.Nix,00-0039732,DEN,QB,215.0,2.0,0.0,22.0,32,-5.0,0.0,3,0.0,0.0,0.0
D.Maye,00-0039851,NE,QB,184.0,1.0,1.0,15.0,26,24.0,0.0,4,0.0,0.0,0.0
J.Daniels,00-0039910,WAS,QB,202.0,0.0,0.0,17.0,37,5.0,0.0,3,0.0,0.0,0.0
C.Williams,00-0039918,CHI,QB,120.0,0.0,0.0,16.0,39,15.0,0.0,2,0.0,0.0,0.0
C.Patterson,00-0030578,PIT,RB,0.0,0.0,0.0,0.0,0,14.0,0.0,3,0.0,0.0,0.0
S.Shepard,00-0032385,TB,RB,0.0,0.0,0.0,0.0,0,3.0,0.0,1,7.0,0.0,1.0
D.Henry,00-0032764,BAL,RB,0.0,0.0,0.0,0.0,0,68.0,1.0,16,3.0,0.0,1.0
T.Hill,00-0033040,MIA,RB,0.0,0.0,0.0,0.0,0,11.0,0.0,2,16.0,1.0,3.0
E.Elliott,00-0033045,DAL,RB,0.0,0.0,0.0,0.0,0,22.0,0.0,6,0.0,0.0,0.0
C.McCaffrey,00-0033280,SF,RB,0.0,0.0,0.0,0.0,0,39.0,0.0,13,68.0,0.0,6.0
A.Jones,00-0033293,MIN,RB,0.0,0.0,0.0,0.0,0,88.0,0.0,17,13.0,0.0,2.0
T.Hill,00-0033357,NO,RB,0.0,0.0,0.0,0.0,0,14.0,0.0,4,36.0,0.0,2.0
J.Conner,00-0033553,ARI,RB,0.0,0.0,0.0,0.0,0,33.0,1.0,12,80.0,0.0,5.0
A.Ekeler,00-0033699,WAS,RB,0.0,0.0,0.0,0.0,0,44.0,2.0,13,7.0,0.0,1.0
D.Ogunbowale,00-0033854,HOU,RB,0.0,0.0,0.0,0.0,0,11.0,0.0,1,0.0,0.0,0.0
M.Trubisky,00-0033869,BUF,RB,0.0,0.0,0.0,0.0,0,-1.0,0.0,1,0.0,0.0,0.0
J.Mixon,00-0033897,HOU,RB,0.0,0.0,0.0,0.0,0,46.0,1.0,25,44.0,0.0,2.0
A.Kamara,00-0033906,NO,RB,0.0,0.0,0.0,0.0,0,55.0,0.0,17,54.0,0.0,5.0
K.Hunt,00-0033923,KC,RB,0.0,0.0,0.0,0.0,0,35.0,0.0,14,65.0,0.0,7.0
J.McNichols,00-0033955,WAS,RB,0.0,0.0,0.0,0.0,0,7.0,1.0,4,0.0,0.0,0.0
G.Edwards,00-0034184,LAC,RB,0.0,0.0,0.0,0.0,0,55.0,0.0,10,0.0,0.0,0.0
R.McCloud,00-0034407,ATL,RB,0.0,0.0,0.0,0.0,0,6.0,0.0,1,30.0,0.0,3.0
T.Hudson,00-0034613,CIN,RB,0.0,0.0,0.0,0.0,0,1.0,0.0,1,42.0,1.0,6.0
D.Moore,00-0034827,CHI,RB,0.0,0.0,0.0,0.0,0,3.0,0.0,1,24.0,0.0,3.0
S.Barkley,00-0034844,PHI,RB,0.0,0.0,0.0,0.0,0,66.0,0.0,14,12.0,0.0,1.0
J.Hill,00-0034975,BAL,RB,0.0,0.0,0.0,0.0,0,-2.0,0.0,2,0.0,0.0,2.0
A.Dulin,00-0035021,IND,RB,0.0,0.0,0.0,0.0,0,7.0,0.0,1,0.0,0.0,0.0
M.Sanders,00-0035243,CAR,RB,0.0,0.0,0.0,0.0,0,5.0,0.0,2,0.0,0.0,0.0
D.Singletary,00-0035250,NYG,RB,0.0,0.0,0.0,0.0,0,40.0,0.0,8,5.0,0.0,1.0
T.Pollard,00-0035261,TEN,RB,0.0,0.0,0.0,0.0,0,44.0,0.0,9,19.0,0.0,4.0
D.Montgomery,00-0035685,DET,RB,0.0,0.0,0.0,0.0,0,32.0,1.0,13,24.0,0.0,1.0
D.Samuel,00-0035719,SF,RB,0.0,0.0,0.0,0.0,0,14.0,0.0,3,62.0,0.0,5.0
J.Hasty,00-0035806,NE,RB,0.0,0.0,0.0,0.0,0,20.0,0.0,6,4.0,0.0,1.0
R.Dowdle,00-0036139,DAL,RB,0.0,0.0,0.0,0.0,0,53.0,0.0,12,3.0,0.0,3.0
J.Dobbins,00-0036158,LAC,RB,0.0,0.0,0.0,0.0,0,50.0,0.0,15,5.0,0.0,3.0
J.Taylor,00-0036223,IND,RB,0.0,0.0,0.0,0.0,0,114.0,0.0,21,8.0,0.0,2.0
D.Swift,00-0036275,CHI,RB,0.0,0.0,0.0,0.0,0,59.0,0.0,16,6.0,0.0,1.0
A.Gibson,00-0036328,NE,RB,0.0,0.0,0.0,0.0,0,26.0,0.0,5,0.0,0.0,0.0
C.Lamb,00-0036358,DAL,RB,0.0,0.0,0.0,0.0,0,3.0,0.0,1,21.0,0.0,6.0
J.Reagor,00-0036387,LAC,RB,0.0,0.0,0.0,0.0,0,-2.0,0.0,2,0.0,0.0,0.0
C.Akers,00-0036414,MIN,RB,0.0,0.0,0.0,0.0,0,38.0,0.0,13,9.0,0.0,1.0
D.Dallas,00-0036425,ARI,RB,0.0,0.0,0.0,0.0,0,10.0,0.0,3,0.0,0.0,0.0
C.Hubbard,00-0036555,CAR,RB,0.0,0.0,0.0,0.0,0,153.0,1.0,28,16.0,0.0,4.0
J.Waddle,00-0036613,MIA,RB,0.0,0.0,0.0,0.0,0,-1.0,0.0,1,57.0,0.0,3.0
R.Stevenson,00-0036875,NE,RB,0.0,0.0,0.0,0.0,0,74.0,0.0,20,3.0,0.0,1.0
N.Harris,00-0036893,PIT,RB,0.0,0.0,0.0,0.0,0,53.0,1.0,21,0.0,0.0,0.0
K.Gainwell,00-0036919,PHI,RB,0.0,0.0,0.0,0.0,0,30.0,0.0,7,9.0,0.0,1.0
T.Etienne,00-0036973,JAX,RB,0.0,0.0,0.0,0.0,0,44.0,0.0,11,-1.0,0.0,1.0
J.Williams,00-0036997,DEN,RB,0.0,0.0,0.0,0.0,0,1.0,0.0,1,6.0,0.0,2.0
J.Warren,00-0037228,PIT,RB,0.0,0.0,0.0,0.0,0,66.0,0.0,14,29.0,0.0,2.0
G.Pickens,00-0037247,PIT,RB,0.0,0.0,0.0,0.0,0,4.0,0.0,1,91.0,1.0,5.0
J.Cook,00-0037248,BUF,RB,0.0,0.0,0.0,0.0,0,80.0,1.0,19,5.0,0.0,1.0
R.White,00-0037256,TB,RB,0.0,0.0,0.0,0.0,0,31.0,0.0,10,39.0,1.0,6.0
T.Allgeier,00-0037263,ATL,RB,0.0,0.0,0.0,0.0,0,59.0,0.0,11,0.0,0.0,0.0
T.Chandler,00-0037276,MIN,RB,0.0,0.0,0.0,0.0,0,18.0,0.0,4,0.0,0.0,0.0
J.Nailor,00-0037291,MIN,RB,0.0,0.0,0.0,0.0,0,-7.0,0.0,1,11.0,0.0,1.0
J.Mason,00-0037525,SF,RB,0.0,0.0,0.0,0.0,0,5.0,0.0,1,0.0,0.0,0.0
H.Haskins,00-0037617,LAC,RB,0.0,0.0,0.0,0.0,0,4.0,1.0,2,0.0,0.0,0.0
K.Williams,00-0037840,LA,RB,0.0,0.0,0.0,0.0,0,62.0,0.0,15,20.0,0.0,5.0
B.Hall,00-0038120,NYJ,RB,0.0,0.0,0.0,0.0,0,52.0,0.0,10,31.0,0.0,4.0
B.Robinson,00-0038542,ATL,RB,0.0,0.0,0.0,0.0,0,116.0,2.0,20,28.0,0.0,3.0
T.Bigsby,00-0038555,JAX,RB,0.0,0.0,0.0,0.0,0,4.0,0.0,2,0.0,0.0,0.0
D.Davis,00-0038573,LAC,RB,0.0,0.0,0.0,0.0,0,6.0,0.0,1,17.0,0.0,1.0
C.Tune,00-0038582,ARI,RB,0.0,0.0,0.0,0.0,0,-1.0,0.0,1,0.0,0.0,0.0
C.Brown,00-0038597,CIN,RB,0.0,0.0,0.0,0.0,0,42.0,1.0,13,52.0,0.0,9.0
C.Rodriguez,00-0038611,WAS,RB,0.0,0.0,0.0,0.0,0,4.0,0.0,2,0.0,0.0,0.0
J.Mims,00-0038678,NO,RB,0.0,0.0,0.0,0.0,0,10.0,0.0,2,4.0,0.0,1.0
E.Demercado,00-0038705,ARI,RB,0.0,0.0,0.0,0.0,0,22.0,0.0,3,0.0,0.0,0.0
J.McLaughlin,00-0038794,DEN,RB,0.0,0.0,0.0,0.0,0,12.0,0.0,2,0.0,0.0,0.0
M.Mims,00-0038976,DEN,RB,0.0,0.0,0.0,0.0,0,17.0,0.0,3,13.0,0.0,4.0
T.Dell,00-0038977,HOU,RB,0.0,0.0,0.0,0.0,0,-6.0,0.0,1,39.0,0.0,5.0
J.Addison,00-0038994,MIN,RB,0.0,0.0,0.0,0.0,0,4.0,0.0,1,25.0,0.0,2.0
R.Johnson,00-0039021,CHI,RB,0.0,0.0,0.0,0.0,0,-4.0,0.0,1,5.0,0.0,1.0
T.Spears,00-0039032,TEN,RB,0.0,0.0,0.0,0.0,0,47.0,0.0,7,4.0,0.0,3.0
D.Achane,00-0039040,MIA,RB,0.0,0.0,0.0,0.0,0,37.0,0.0,12,15.0,0.0,5.0
J.Gibbs,00-0039139,DET,RB,0.0,0.0,0.0,0.0,0,71.0,0.0,19,37.0,0.0,2.0
C.Steele,00-0039325,KC,RB,0.0,0.0,0.0,0.0,0,3.0,0.0,2,0.0,0.0,0.0
M.Nabers,00-0039337,NYG,RB,0.0,0.0,0.0,0.0,0,-2.0,0.0,1,50.0,0.0,6.0
B.Irving,00-0039361,TB,RB,0.0,0.0,0.0,0.0,0,73.0,1.0,13,14.0,0.0,3.0
I.Guerendo,00-0039363,SF,RB,0.0,0.0,0.0,0.0,0,0.0,0.0,1,0.0,0.0,0.0
A.Estime,00-0039373,DEN,RB,0.0,0.0,0.0,0.0,0,53.0,0.0,14,0.0,0.0,0.0
T.Tracy,00-0039384,NYG,RB,0.0,0.0,0.0,0.0,0,103.0,1.0,18,1.0,0.0,1.0
B.Corum,00-0039738,LA,RB,0.0,0.0,0.0,0.0,0,8.0,0.0,2,7.0,0.0,1.0
W.Shipley,00-0039746,PHI,RB,0.0,0.0,0.0,0.0,0,34.0,0.0,9,0.0,0.0,0.0
B.Allen,00-0039794,NYJ,RB,0.0,0.0,0.0,0.0,0,27.0,0.0,7,7.0,0.0,1.0
J.Wright,00-0039874,MIA,RB,0.0,0.0,0.0,0.0,0,3.0,0.0,5,0.0,0.0,0.0
R.Davis,00-0039875,BUF,RB,0.0,0.0,0.0,0.0,0,6.0,0.0,3,0.0,0.0,0.0
M.Washington,00-0039880,MIA,RB,0.0,0.0,0.0,0.0,0,18.0,1.0,1,17.0,0.0,1.0
T.Benson,00-0039921,ARI,RB,0.0,0.0,0.0,0.0,0,62.0,0.0,10,25.0,0.0,2.0
Z.Ertz,00-0030061,WAS,WR/TE,0.0,0.0,0.0,0.0,0,0.0,0.0,0,31.0,0.0,4.0
K.Allen,00-0030279,CHI,WR/TE,0.0,0.0,0.0,0.0,0,0.0,0.0,0,44.0,0.0,5.0
R.Woods,00-0030431,HOU,WR/TE,0.0,0.0,0.0,0.0,0,0.0,0.0,0,1.0,0.0,1.0
T.Kelce,00-0030506,KC,WR/TE,0.0,0.0,0.0,0.0,0,0.0,0.0,0,64.0,1.0,8.0
D.Hopkins,00-0030564,KC,WR/TE,0.0,0.0,0.0,0.0,0,0.0,0.0,0,56.0,0.0,4.0
O.Beckham,00-0031235,MIA,WR/TE,0.0,0.0,0.0,0.0,0,0.0,0.0,0,17.0,0.0,2.0
D.Adams,00-0031381,NYJ,WR/TE,0.0,0.0,0.0,0.0,0,0.0,0.0,0,31.0,0.0,6.0
N.Agholor,00-0031549,BAL,WR/TE,0.0,0.0,0.0,0.0,0,0.0,0.0,0,6.0,1.0,1.0
M.Pruitt,00-0031585,PIT,WR/TE,0.0,0.0,0.0,0.0,0,0.0,0.0,0,0.0,0.0,0.0
R.Mostert,00-0031687,MIA,WR/TE,0.0,0.0,0.0,0.0,0,0.0,0.0,0,34.0,0.0,2.0
D.Carter,00-0031763,CHI,WR/TE,0.0,0.0,0.0,0.0,0,0.0,0.0,0,5.0,0.0,1.0
A.Hooper,00-0032392,NE,WR/TE,0.0,0.0,0.0,0.0,0,0.0,0.0,0,64.0,0.0,3.0
D.Robinson,00-0032775,LA,WR/TE,0.0,0.0,0.0,0.0,0,0.0,0.0,0,23.0,0.0,1.0
H.Henry,00-0033090,NE,WR/TE,0.0,0.0,0.0,0.0,0,0.0,0.0,0,14.0,0.0,1.0
C.Samuel,00-0033282,BUF,WR/TE,0.0,0.0,0.0,0.0,0,0.0,0.0,0,35.0,0.0,4.0
G.Kittle,00-0033288,SF,WR/TE,0.0,0.0,0.0,0.0,0,0.0,0.0,0,57.0,1.0,3.0
S.Perine,00-0033526,KC,WR/TE,0.0,0.0,0.0,0.0,0,0.0,0.0,0,37.0,0.0,2.0
M.Williams,00-0033536,PIT,WR/TE,0.0,0.0,0.0,0.0,0,0.0,0.0,0,32.0,1.0,1.0
M.Hollins,00-0033555,BUF,WR/TE,0.0,0.0,0.0,0.0,0,0.0,0.0,0,86.0,0.0,4.0
D.Moore,00-0033589,CAR,WR/TE,0.0,0.0,0.0,0.0,0,0.0,0.0,0,18.0,0.0,2.0
N.Brown,00-0033591,WAS,WR/TE,0.0,0.0,0.0,0.0,0,0.0,0.0,0,33.0,0.0,3.0
J.Smith,00-0033858,MIA,WR/TE,0.0,0.0,0.0,0.0,0,0.0,0.0,0,45.0,0.0,3.0
E.Engram,00-0033881,JAX,WR/TE,0.0,0.0,0.0,0.0,0,0.0,0.0,0,40.0,0.0,6.0
C.Kupp,00-0033908,LA,WR/TE,0.0,0.0,0.0,0.0,0,0.0,0.0,0,80.0,0.0,7.0
W.Dissly,00-0034159,LAC,WR/TE,0.0,0.0,0.0,0.0,0,0.0,0.0,0,30.0,0.0,5.0
T.Conklin,00-0034270,NYJ,WR/TE,0.0,0.0,0.0,0.0,0,0.0,0.0,0,8.0,0.0,1.0
M.Valdes-Scantling,00-0034272,NO,WR/TE,0.0,0.0,0.0,0.0,0,0.0,0.0,0,109.0,2.0,3.0
C.Sutton,00-0034348,DEN,WR/TE,0.0,0.0,0.0,0.0,0,0.0,0.0,0,70.0,1.0,6.0
D.Goedert,00-0034351,PHI,WR/TE,0.0,0.0,0.0,0.0,0,0.0,0.0,0,25.0,1.0,2.0
I.Thomas,00-0034365,CAR,WR/TE,0.0,0.0,0.0,0.0,0,0.0,0.0,0,3.0,0.0,1.0
D.Schultz,00-0034383,HOU,WR/TE,0.0,0.0,0.0,0.0,0,0.0,0.0,0,66.0,0.0,3.0
Ju.Watson,00-0034386,KC,WR/TE,0.0,0.0,0.0,0.0,0,0.0,0.0,0,6.0,0.0,2.0
T.Sherfield,00-0034487,MIN,WR/TE,0.0,0.0,0.0,0.0,0,0.0,0.0,0,11.0,0.0,1.0
M.Andrews,00-0034753,BAL,WR/TE,0.0,0.0,0.0,0.0,0,0.0,0.0,0,68.0,1.0,6.0
D.Smythe,00-0034798,MIA,WR/TE,0.0,0.0,0.0,0.0,0,0.0,0.0,0,6.0,0.0,1.0
M.Gesicki,00-0034829,CIN,WR/TE,0.0,0.0,0.0,0.0,0,0.0,0.0,0,30.0,0.0,4.0
H.Hurst,00-0034830,LAC,WR/TE,0.0,0.0,0.0,0.0,0,0.0,0.0,0,0.0,0.0,0.0
C.Ridley,00-0034837,TEN,WR/TE,0.0,0.0,0.0,0.0,0,0.0,0.0,0,84.0,2.0,5.0
D.Pettis,00-0034860,NO,WR/TE,0.0,0.0,0.0,0.0,0,0.0,0.0,0,8.0,0.0,1.0
F.Moreau,00-0034981,NO,WR/TE,0.0,0.0,0.0,0.0,0,0.0,0.0,0,0.0,0.0,0.0
M.Hardman,00-0035140,KC,WR/TE,0.0,0.0,0.0,0.0,0,0.0,0.0,0,3.0,0.0,1.0
O.Zaccheaus,00-0035208,WAS,WR/TE,0.0,0.0,0.0,0.0,0,0.0,0.0,0,8.0,0.0,1.0
D.Johnson,00-0035216,BAL,WR/TE,0.0,0.0,0.0,0.0,0,0.0,0.0,0,6.0,0.0,1.0
T.Hockenson,00-0035229,MIN,WR/TE,0.0,0.0,0.0,0.0,0,0.0,0.0,0,72.0,0.0,8.0
J.Oliver,00-0035249,MIN,WR/TE,0.0,0.0,0.0,0.0,0,0.0,0.0,0,52.0,0.0,4.0
L.Humphrey,00-0035406,DEN,WR/TE,0.0,0.0,0.0,0.0,0,0.0,0.0,0,23.0,0.0,2.0
G.Dortch,00-0035500,ARI,WR/TE,0.0,0.0,0.0,0.0,0,0.0,0.0,0,-1.0,0.0,1.0
Ty.Johnson,00-0035537,BUF,WR/TE,0.0,0.0,0.0,0.0,0,0.0,0.0,0,32.0,0.0,3.0
T.McLaurin,00-0035659,WAS,WR/TE,0.0,0.0,0.0,0.0,0,0.0,0.0,0,113.0,0.0,5.0
A.Brown,00-0035676,PHI,WR/TE,0.0,0.0,0.0,0.0,0,0.0,0.0,0,109.0,0.0,5.0
D.Knox,00-0035689,BUF,WR/TE,0.0,0.0,0.0,0.0,0,0.0,0.0,0,40.0,0.0,2.0
J.Pierre,00-0035795,PIT,WR/TE,0.0,0.0,0.0,0.0,0,0.0,0.0,0,0.0,0.0,0.0
J.Johnson,00-0036040,NO,WR/TE,0.0,0.0,0.0,0.0,0,0.0,0.0,0,22.0,0.0,2.0
I.Hodgins,00-0036165,NYG,WR/TE,0.0,0.0,0.0,0.0,0,0.0,0.0,0,7.0,0.0,1.0
N.Westbrook-Ikhine,00-0036182,TEN,WR/TE,0.0,0.0,0.0,0.0,0,0.0,0.0,0,31.0,0.0,3.0
G.Davis,00-0036196,JAX,WR/TE,0.0,0.0,0.0,0.0,0,0.0,0.0,0,19.0,0.0,1.0
J.Jennings,00-0036259,SF,WR/TE,0.0,0.0,0.0,0.0,0,0.0,0.0,0,93.0,0.0,7.0
C.Kmet,00-0036290,CHI,WR/TE,0.0,0.0,0.0,0.0,0,0.0,0.0,0,13.0,0.0,2.0
D.Mooney,00-0036309,ATL,WR/TE,0.0,0.0,0.0,0.0,0,0.0,0.0,0,96.0,0.0,5.0
J.Jefferson,00-0036322,MIN,WR/TE,0.0,0.0,0.0,0.0,0,0.0,0.0,0,48.0,0.0,5.0
K.Osborn,00-0036345,NE,WR/TE,0.0,0.0,0.0,0.0,0,0.0,0.0,0,0.0,0.0,0.0
V.Jefferson,00-0036415,PIT,WR/TE,0.0,0.0,0.0,0.0,0,0.0,0.0,0,0.0,0.0,0.0
A.Trautman,00-0036422,DEN,WR/TE,0.0,0.0,0.0,0.0,0,0.0,0.0,0,34.0,0.0,1.0
T.Johnson,00-0036427,LA,WR/TE,0.0,0.0,0.0,0.0,0,0.0,0.0,0,25.0,0.0,3.0
C.Woerner,00-0036429,ATL,WR/TE,0.0,0.0,0.0,0.0,0,0.0,0.0,0,0.0,0.0,0.0
K.Yeboah,00-0036510,NYJ,WR/TE,0.0,0.0,0.0,0.0,0,0.0,0.0,0,4.0,0.0,1.0
R.Bateman,00-0036550,BAL,WR/TE,0.0,0.0,0.0,0.0,0,0.0,0.0,0,54.0,1.0,6.0
D.Brown,00-0036626,WAS,WR/TE,0.0,0.0,0.0,0.0,0,0.0,0.0,0,-13.0,0.0,2.0
T.Wallace,00-0036630,BAL,WR/TE,0.0,0.0,0.0,0.0,0,0.0,0.0,0,115.0,1.0,3.0
N.Gray,00-0036637,KC,WR/TE,0.0,0.0,0.0,0.0,0,0.0,0.0,0,18.0,0.0,2.0
T.Atwell,00-0036849,LA,WR/TE,0.0,0.0,0.0,0.0,0,0.0,0.0,0,6.0,0.0,1.0
K.Granson,00-0036876,IND,WR/TE,0.0,0.0,0.0,0.0,0,0.0,0.0,0,15.0,0.0,2.0
L.Farrell,00-0036887,JAX,WR/TE,0.0,0.0,0.0,0.0,0,0.0,0.0,0,16.0,0.0,2.0
P.Freiermuth,00-0036894,PIT,WR/TE,0.0,0.0,0.0,0.0,0,0.0,0.0,0,17.0,1.0,3.0
J.Chase,00-0036900,CIN,WR/TE,0.0,0.0,0.0,0.0,0,0.0,0.0,0,264.0,3.0,11.0
D.Smith,00-0036912,PHI,WR/TE,0.0,0.0,0.0,0.0,0,0.0,0.0,0,14.0,0.0,2.0
A.St. Brown,00-0036963,DET,WR/TE,0.0,0.0,0.0,0.0,0,0.0,0.0,0,60.0,1.0,6.0
K.Pitts,00-0036970,ATL,WR/TE,0.0,0.0,0.0,0.0,0,0.0,0.0,0,55.0,0.0,4.0
T.Sermon,00-0036984,IND,WR/TE,0.0,0.0,0.0,0.0,0,0.0,0.0,0,4.0,0.0,1.0
J.Palmer,00-0036988,LAC,WR/TE,0.0,0.0,0.0,0.0,0,0.0,0.0,0,36.0,0.0,1.0
G.Calcaterra,00-0037086,PHI,WR/TE,0.0,0.0,0.0,0.0,0,0.0,0.0,0,0.0,0.0,0.0
T.Goodson,00-0037120,IND,WR/TE,0.0,0.0,0.0,0.0,0,0.0,0.0,0,9.0,1.0,2.0
J.Ross,00-0037216,KC,WR/TE,0.0,0.0,0.0,0.0,0,0.0,0.0,0,0.0,0.0,0.0
K.Austin,00-0037231,NO,WR/TE,0.0,0.0,0.0,0.0,0,0.0,0.0,0,36.0,0.0,2.0
D.London,00-0037238,ATL,WR/TE,0.0,0.0,0.0,0.0,0,0.0,0.0,0,97.0,0.0,8.0
J.Williams,00-0037240,DET,WR/TE,0.0,0.0,0.0,0.0,0,0.0,0.0,0,53.0,0.0,3.0
K.Shakir,00-0037261,BUF,WR/TE,0.0,0.0,0.0,0.0,0,0.0,0.0,0,58.0,0.0,6.0
A.Ogletree,00-0037292,IND,WR/TE,0.0,0.0,0.0,0.0,0,0.0,0.0,0,2.0,0.0,1.0
L.Krull,00-0037539,DEN,WR/TE,0.0,0.0,0.0,0.0,0,0.0,0.0,0,21.0,0.0,2.0
P.Hendershot,00-0037569,KC,WR/TE,0.0,0.0,0.0,0.0,0,0.0,0.0,0,6.0,0.0,1.0
J.Metchie,00-0037614,HOU,WR/TE,0.0,0.0,0.0,0.0,0,0.0,0.0,0,74.0,1.0,5.0
A.Pierce,00-0037664,IND,WR/TE,0.0,0.0,0.0,0.0,0,0.0,0.0,0,81.0,1.0,4.0
J.Tolbert,00-0037666,DAL,WR/TE,0.0,0.0,0.0,0.0,0,0.0,0.0,0,14.0,0.0,3.0
G.Wilson,00-0037740,NYJ,WR/TE,0.0,0.0,0.0,0.0,0,0.0,0.0,0,41.0,0.0,5.0
J.Dotson,00-0037741,PHI,WR/TE,0.0,0.0,0.0,0.0,0,0.0,0.0,0,27.0,0.0,1.0
T.McBride,00-0037744,ARI,WR/TE,0.0,0.0,0.0,0.0,0,0.0,0.0,0,71.0,0.0,4.0
J.Ruckert,00-0037805,NYJ,WR/TE,0.0,0.0,0.0,0.0,0,0.0,0.0,0,17.0,0.0,2.0
C.Okonkwo,00-0037809,TEN,WR/TE,0.0,0.0,0.0,0.0,0,0.0,0.0,0,14.0,0.0,1.0
C.Austin,00-0037837,PIT,WR/TE,0.0,0.0,0.0,0.0,0,0.0,0.0,0,20.0,0.0,2.0
J.Ferguson,00-0038041,DAL,WR/TE,0.0,0.0,0.0,0.0,0,0.0,0.0,0,24.0,0.0,4.0
C.Kolar,00-0038046,BAL,WR/TE,0.0,0.0,0.0,0.0,0,0.0,0.0,0,4.0,0.0,1.0
W.Robinson,00-0038117,NYG,WR/TE,0.0,0.0,0.0,0.0,0,0.0,0.0,0,51.0,0.0,5.0
C.Otton,00-0038129,TB,WR/TE,0.0,0.0,0.0,0.0,0,0.0,0.0,0,35.0,0.0,5.0
W.Mallory,00-0038394,IND,WR/TE,0.0,0.0,0.0,0.0,0,0.0,0.0,0,10.0,0.0,1.0
X.Gipson,00-0038496,NYJ,WR/TE,0.0,0.0,0.0,0.0,0,0.0,0.0,0,0.0,0.0,0.0
Q.Johnston,00-0038544,LAC,WR/TE,0.0,0.0,0.0,0.0,0,0.0,0.0,0,24.0,1.0,2.0
L.Schoonmaker,00-0038547,DAL,WR/TE,0.0,0.0,0.0,0.0,0,0.0,0.0,0,0.0,0.0,0.0
D.Washington,00-0038558,PIT,WR/TE,0.0,0.0,0.0,0.0,0,0.0,0.0,0,6.0,0.0,1.0
Mi.Wilson,00-0038559,ARI,WR/TE,0.0,0.0,0.0,0.0,0,0.0,0.0,0,24.0,0.0,3.0
J.Whyle,00-0038589,TEN,WR/TE,0.0,0.0,0.0,0.0,0,0.0,0.0,0,0.0,0.0,0.0
K.Boutte,00-0038608,NE,WR/TE,0.0,0.0,0.0,0.0,0,0.0,0.0,0,47.0,0.0,4.0
X.Hutchinson,00-0038618,HOU,WR/TE,0.0,0.0,0.0,0.0,0,0.0,0.0,0,6.0,0.0,2.0
A.Iosivas,00-0038619,CIN,WR/TE,0.0,0.0,0.0,0.0,0,0.0,0.0,0,29.0,0.0,2.0
D.Douglas,00-0038621,NE,WR/TE,0.0,0.0,0.0,0.0,0,0.0,0.0,0,50.0,0.0,4.0
J.Brooks,00-0038640,DAL,WR/TE,0.0,0.0,0.0,0.0,0,0.0,0.0,0,4.0,0.0,1.0
J.Hill,00-0038720,MIA,WR/TE,0.0,0.0,0.0,0.0,0,0.0,0.0,0,0.0,0.0,0.0
H.Luepke,00-0038738,DAL,WR/TE,0.0,0.0,0.0,0.0,0,0.0,0.0,0,0.0,0.0,0.0
R.Jarrett,00-0038821,TB,WR/TE,0.0,0.0,0.0,0.0,0,0.0,0.0,0,10.0,0.0,2.0
R.Miller,00-0038824,TB,WR/TE,0.0,0.0,0.0,0.0,0,0.0,0.0,0,11.0,0.0,1.0
D.Kincaid,00-0038933,BUF,WR/TE,0.0,0.0,0.0,0.0,0,0.0,0.0,0,24.0,0.0,2.0
B.Strange,00-0038935,JAX,WR/TE,0.0,0.0,0.0,0.0,0,0.0,0.0,0,25.0,0.0,2.0
J.Hyatt,00-0038938,NYG,WR/TE,0.0,0.0,0.0,0.0,0,0.0,0.0,0,39.0,0.0,4.0
J.Downs,00-0038997,IND,WR/TE,0.0,0.0,0.0,0.0,0,0.0,0.0,0,72.0,0.0,7.0
E.Higgins,00-0039041,ARI,WR/TE,0.0,0.0,0.0,0.0,0,0.0,0.0,0,13.0,0.0,2.0
T.Palmer,00-0039052,TB,WR/TE,0.0,0.0,0.0,0.0,0,0.0,0.0,0,0.0,0.0,0.0
Z.Flowers,00-0039064,BAL,WR/TE,0.0,0.0,0.0,0.0,0,0.0,0.0,0,34.0,0.0,4.0
S.LaPorta,00-0039065,DET,WR/TE,0.0,0.0,0.0,0.0,0,0.0,0.0,0,66.0,1.0,3.0
D.Allen,00-0039074,LA,WR/TE,0.0,0.0,0.0,0.0,0,0.0,0.0,0,34.0,0.0,5.0
P.Nacua,00-0039075,LA,WR/TE,0.0,0.0,0.0,0.0,0,0.0,0.0,0,98.0,0.0,9.0
J.Wilson,00-0039236,PHI,WR/TE,0.0,0.0,0.0,0.0,0,0.0,0.0,0,5.0,1.0,1.0
X.Legette,00-0039342,CAR,WR/TE,0.0,0.0,0.0,0.0,0,0.0,0.0,0,40.0,0.0,3.0
L.McCaffrey,00-0039355,WAS,WR/TE,0.0,0.0,0.0,0.0,0,0.0,0.0,0,23.0,0.0,1.0
J.Sanders,00-0039356,CAR,WR/TE,0.0,0.0,0.0,0.0,0,0.0,0.0,0,8.0,1.0,2.0
C.Stover,00-0039359,HOU,WR/TE,0.0,0.0,0.0,0.0,0,0.0,0.0,0,2.0,0.0,1.0
D.Vele,00-0039424,DEN,WR/TE,0.0,0.0,0.0,0.0,0,0.0,0.0,0,39.0,1.0,4.0
J.Coker,00-0039491,CAR,WR/TE,0.0,0.0,0.0,0.0,0,0.0,0.0,0,41.0,0.0,3.0
C.Grandy,00-0039631,CIN,WR/TE,0.0,0.0,0.0,0.0,0,0.0,0.0,0,0.0,0.0,1.0
B.Oliver,00-0039650,TEN,WR/TE,0.0,0.0,0.0,0.0,0,0.0,0.0,0,23.0,0.0,2.0
A.Smith,00-0039747,PHI,WR/TE,0.0,0.0,0.0,0.0,0,0.0,0.0,0,6.0,0.0,2.0
I.Davis,00-0039798,NYJ,WR/TE,0.0,0.0,0.0,0.0,0,0.0,0.0,0,10.0,0.0,1.0
J.Burton,00-0039810,CIN,WR/TE,0.0,0.0,0.0,0.0,0,0.0,0.0,0,11.0,0.0,1.0
T.Johnson,00-0039847,NYG,WR/TE,0.0,0.0,0.0,0.0,0,0.0,0.0,0,37.0,0.0,4.0
M.Harrison,00-0039849,ARI,WR/TE,0.0,0.0,0.0,0.0,0,0.0,0.0,0,54.0,1.0,5.0
T.Franklin,00-0039868,DEN,WR/TE,0.0,0.0,0.0,0.0,0,0.0,0.0,0,9.0,0.0,1.0
A.Mitchell,00-0039890,IND,WR/TE,0.0,0.0,0.0,0.0,0,0.0,0.0,0,71.0,0.0,6.0
B.Thomas,00-0039893,JAX,WR/TE,0.0,0.0,0.0,0.0,0,0.0,0.0,0,12.0,0.0,2.0
X.Worthy,00-0039894,KC,WR/TE,0.0,0.0,0.0,0.0,0,0.0,0.0,0,11.0,0.0,1.0
J.Polk,00-0039907,NE,WR/TE,0.0,0.0,0.0,0.0,0,0.0,0.0,0,2.0,1.0,1.0
L.McConkey,00-0039915,LAC,WR/TE,0.0,0.0,0.0,0.0,0,0.0,0.0,0,52.0,0.0,2.0
R.Pearsall,00-0039916,SF,WR/TE,0.0,0.0,0.0,0.0,0,0.0,0.0,0,73.0,1.0,4.0
R.Odunze,00-0039919,CHI,WR/TE,0.0,0.0,0.0,0.0,0,0.0,0.0,0,23.0,0.0,3.0
M.Corley,00-0039920,NYJ,WR/TE,0.0,0.0,0.0,0.0,0,0.0,0.0,0,2.0,0.0,1.0
