event_id,home_team,away_team,commence_time,fetch_timestamp,minutes_to_kickoff,market,player_name,outcome_type,line,odds,last_update
2dd4521ee298fa2c6f0ab009c182aae9,Indianapolis Colts,San Francisco 49ers,2025-12-23T01:15:00Z,2025-12-22T14:12:21.474299+00:00,662.6420948166667,player_1st_td,Jonathan Taylor,Yes,,330,2025-12-22T14:11:14Z
2dd4521ee298fa2c6f0ab009c182aae9,Indianapolis Colts,San Francisco 49ers,2025-12-23T01:15:00Z,2025-12-22T14:12:21.474319+00:00,662.6420946333333,player_1st_td,Christian McCaffrey,Yes,,370,2025-12-22T14:11:14Z
2dd4521ee298fa2c6f0ab009c182aae9,Indianapolis Colts,San Francisco 49ers,2025-12-23T01:15:00Z,2025-12-22T14:12:21.474324+00:00,662.6420945666666,player_1st_td,George Kittle,Yes,,650,2025-12-22T14:11:14Z
2dd4521ee298fa2c6f0ab009c182aae9,Indianapolis Colts,San Francisco 49ers,2025-12-23T01:15:00Z,2025-12-22T14:12:21.474327+00:00,662.6420945166667,player_1st_td,Jauan Jennings,Yes,,950,2025-12-22T14:11:14Z
2dd4521ee298fa2c6f0ab009c182aae9,Indianapolis Colts,San Francisco 49ers,2025-12-23T01:15:00Z,2025-12-22T14:12:21.474330+00:00,662.6420944833334,player_1st_td,Tyler Warren,Yes,,1400,2025-12-22T14:11:14Z
2dd4521ee298fa2c6f0ab009c182aae9,Indianapolis Colts,San Francisco 49ers,2025-12-23T01:15:00Z,2025-12-22T14:12:21.474332+00:00,662.6420944500001,player_1st_td,Brian Robinson Jr.,Yes,,1700,2025-12-22T14:11:14Z
2dd4521ee298fa2c6f0ab009c182aae9,Indianapolis Colts,San Francisco 49ers,2025-12-23T01:15:00Z,2025-12-22T14:12:21.474334+00:00,662.6420944,player_1st_td,Michael Pittman Jr.,Yes,,2000,2025-12-22T14:11:14Z
2dd4521ee298fa2c6f0ab009c182aae9,Indianapolis Colts,San Francisco 49ers,2025-12-23T01:15:00Z,2025-12-22T14:12:21.474337+00:00,662.6420943666667,player_1st_td,Josh Downs,Yes,,2200,2025-12-22T14:11:14Z
2dd4521ee298fa2c6f0ab009c182aae9,Indianapolis Colts,San Francisco 49ers,2025-12-23T01:15:00Z,2025-12-22T14:12:21.474339+00:00,662.6420943333334,player_1st_td,Demarcus Robinson,Yes,,2200,2025-12-22T14:11:14Z
2dd4521ee298fa2c6f0ab009c182aae9,Indianapolis Colts,San Francisco 49ers,2025-12-23T01:15:00Z,2025-12-22T14:12:21.474341+00:00,662.6420942999999,player_1st_td,Kendrick Bourne,Yes,,2200,2025-12-22T14:11:14Z
2dd4521ee298fa2c6f0ab009c182aae9,Indianapolis Colts,San Francisco 49ers,2025-12-23T01:15:00Z,2025-12-22T14:12:21.474343+00:00,662.6420942666666,player_1st_td,Brock Purdy,Yes,,2500,2025-12-22T14:11:14Z
2dd4521ee298fa2c6f0ab009c182aae9,Indianapolis Colts,San Francisco 49ers,2025-12-23T01:15:00Z,2025-12-22T14:12:21.474346+00:00,662.6420942166666,player_1st_td,Indianapolis Colts D/ST,Yes,,2500,2025-12-22T14:11:14Z
2dd4521ee298fa2c6f0ab009c182aae9,Indianapolis Colts,San Francisco 49ers,2025-12-23T01:15:00Z,2025-12-22T14:12:21.474353+00:00,662.6420941,player_1st_td,San Francisco 49ers D/ST,Yes,,2500,2025-12-22T14:11:14Z
2dd4521ee298fa2c6f0ab009c182aae9,Indianapolis Colts,San Francisco 49ers,2025-12-23T01:15:00Z,2025-12-22T14:12:21.474355+00:00,662.6420940666667,player_1st_td,Alec Pierce,Yes,,3000,2025-12-22T14:11:14Z
2dd4521ee298fa2c6f0ab009c182aae9,Indianapolis Colts,San Francisco 49ers,2025-12-23T01:15:00Z,2025-12-22T14:12:21.474357+00:00,662.6420940333334,player_1st_td,Ameer Abdullah,Yes,,3000,2025-12-22T14:11:14Z
2dd4521ee298fa2c6f0ab009c182aae9,Indianapolis Colts,San Francisco 49ers,2025-12-23T01:15:00Z,2025-12-22T14:12:21.474359+00:00,662.642094,player_1st_td,Luke Farrell,Yes,,3500,2025-12-22T14:11:14Z
2dd4521ee298fa2c6f0ab009c182aae9,Indianapolis Colts,San Francisco 49ers,2025-12-23T01:15:00Z,2025-12-22T14:12:21.474362+00:00,662.64209395,player_1st_td,Kyle Juszczyk,Yes,,4000,2025-12-22T14:11:14Z
2dd4521ee298fa2c6f0ab009c182aae9,Indianapolis Colts,San Francisco 49ers,2025-12-23T01:15:00Z,2025-12-22T14:12:21.474364+00:00,662.6420939166667,player_1st_td,Skyy Moore,Yes,,5000,2025-12-22T14:11:14Z
2dd4521ee298fa2c6f0ab009c182aae9,Indianapolis Colts,San Francisco 49ers,2025-12-23T01:15:00Z,2025-12-22T14:12:21.474366+00:00,662.6420938833332,player_1st_td,Jake Tonges,Yes,,5500,2025-12-22T14:11:14Z
2dd4521ee298fa2c6f0ab009c182aae9,Indianapolis Colts,San Francisco 49ers,2025-12-23T01:15:00Z,2025-12-22T14:12:21.474368+00:00,662.6420938499999,player_1st_td,Jordan Watkins,Yes,,5500,2025-12-22T14:11:14Z
2dd4521ee298fa2c6f0ab009c182aae9,Indianapolis Colts,San Francisco 49ers,2025-12-23T01:15:00Z,2025-12-22T14:12:21.474370+00:00,662.6420938166667,player_1st_td,Mo Alie-Cox,Yes,,8000,2025-12-22T14:11:14Z
2dd4521ee298fa2c6f0ab009c182aae9,Indianapolis Colts,San Francisco 49ers,2025-12-23T01:15:00Z,2025-12-22T14:12:21.474372+00:00,662.6420937833334,player_1st_td,Tyler Goodson,Yes,,8000,2025-12-22T14:11:14Z
2dd4521ee298fa2c6f0ab009c182aae9,Indianapolis Colts,San Francisco 49ers,2025-12-23T01:15:00Z,2025-12-22T14:12:21.474374+00:00,662.6420937333334,player_1st_td,DJ Giddens,Yes,,8000,2025-12-22T14:11:14Z
2dd4521ee298fa2c6f0ab009c182aae9,Indianapolis Colts,San Francisco 49ers,2025-12-23T01:15:00Z,2025-12-22T14:12:21.474376+00:00,662.6420937,player_1st_td,Isaac Guerendo,Yes,,8000,2025-12-22T14:11:14Z
2dd4521ee298fa2c6f0ab009c182aae9,Indianapolis Colts,San Francisco 49ers,2025-12-23T01:15:00Z,2025-12-22T14:12:21.474379+00:00,662.6420936666667,player_1st_td,James Jordan,Yes,,8000,2025-12-22T14:11:14Z
2dd4521ee298fa2c6f0ab009c182aae9,Indianapolis Colts,San Francisco 49ers,2025-12-23T01:15:00Z,2025-12-22T14:12:21.474381+00:00,662.6420936333333,player_1st_td,Drew Ogletree,Yes,,9000,2025-12-22T14:11:14Z
2dd4521ee298fa2c6f0ab009c182aae9,Indianapolis Colts,San Francisco 49ers,2025-12-23T01:15:00Z,2025-12-22T14:12:21.474383+00:00,662.6420936,player_1st_td,Philip Rivers,Yes,,9000,2025-12-22T14:11:14Z
2dd4521ee298fa2c6f0ab009c182aae9,Indianapolis Colts,San Francisco 49ers,2025-12-23T01:15:00Z,2025-12-22T14:12:21.474385+00:00,662.6420935666666,player_1st_td,Will Mallory,Yes,,9000,2025-12-22T14:11:14Z
2dd4521ee298fa2c6f0ab009c182aae9,Indianapolis Colts,San Francisco 49ers,2025-12-23T01:15:00Z,2025-12-22T14:12:21.474387+00:00,662.6420935333333,player_1st_td,No Touchdown,Yes,,10000,2025-12-22T14:11:14Z
2dd4521ee298fa2c6f0ab009c182aae9,Indianapolis Colts,San Francisco 49ers,2025-12-23T01:15:00Z,2025-12-22T14:12:21.474389+00:00,662.6420935,player_1st_td,Laquon Treadwell,Yes,,10000,2025-12-22T14:11:14Z
2dd4521ee298fa2c6f0ab009c182aae9,Indianapolis Colts,San Francisco 49ers,2025-12-23T01:15:00Z,2025-12-22T14:12:21.474391+00:00,662.6420934666668,player_1st_td,Anthony Gould,Yes,,10000,2025-12-22T14:11:14Z
2dd4521ee298fa2c6f0ab009c182aae9,Indianapolis Colts,San Francisco 49ers,2025-12-23T01:15:00Z,2025-12-22T14:12:21.474395+00:00,662.6420934,player_anytime_td,Jonathan Taylor,Yes,,-240,2025-12-22T14:11:14Z
2dd4521ee298fa2c6f0ab009c182aae9,Indianapolis Colts,San Francisco 49ers,2025-12-23T01:15:00Z,2025-12-22T14:12:21.474397+00:00,662.6420933666667,player_anytime_td,Christian McCaffrey,Yes,,-215,2025-12-22T14:11:14Z
2dd4521ee298fa2c6f0ab009c182aae9,Indianapolis Colts,San Francisco 49ers,2025-12-23T01:15:00Z,2025-12-22T14:12:21.474399+00:00,662.6420933333334,player_anytime_td,George Kittle,Yes,,115,2025-12-22T14:11:14Z
2dd4521ee298fa2c6f0ab009c182aae9,Indianapolis Colts,San Francisco 49ers,2025-12-23T01:15:00Z,2025-12-22T14:12:21.474401+00:00,662.6420933,player_anytime_td,Jauan Jennings,Yes,,155,2025-12-22T14:11:14Z
2dd4521ee298fa2c6f0ab009c182aae9,Indianapolis Colts,San Francisco 49ers,2025-12-23T01:15:00Z,2025-12-22T14:12:21.474403+00:00,662.64209325,player_anytime_td,Tyler Warren,Yes,,235,2025-12-22T14:11:14Z
2dd4521ee298fa2c6f0ab009c182aae9,Indianapolis Colts,San Francisco 49ers,2025-12-23T01:15:00Z,2025-12-22T14:12:21.474406+00:00,662.6420932166667,player_anytime_td,Michael Pittman Jr.,Yes,,340,2025-12-22T14:11:14Z
2dd4521ee298fa2c6f0ab009c182aae9,Indianapolis Colts,San Francisco 49ers,2025-12-23T01:15:00Z,2025-12-22T14:12:21.474408+00:00,662.6420931833333,player_anytime_td,Brian Robinson Jr.,Yes,,340,2025-12-22T14:11:14Z
2dd4521ee298fa2c6f0ab009c182aae9,Indianapolis Colts,San Francisco 49ers,2025-12-23T01:15:00Z,2025-12-22T14:12:21.474410+00:00,662.6420931499999,player_anytime_td,Josh Downs,Yes,,380,2025-12-22T14:11:14Z
2dd4521ee298fa2c6f0ab009c182aae9,Indianapolis Colts,San Francisco 49ers,2025-12-23T01:15:00Z,2025-12-22T14:12:21.474412+00:00,662.6420931166666,player_anytime_td,Demarcus Robinson,Yes,,425,2025-12-22T14:11:14Z
2dd4521ee298fa2c6f0ab009c182aae9,Indianapolis Colts,San Francisco 49ers,2025-12-23T01:15:00Z,2025-12-22T14:12:21.474414+00:00,662.6420930833334,player_anytime_td,Kendrick Bourne,Yes,,425,2025-12-22T14:11:14Z
2dd4521ee298fa2c6f0ab009c182aae9,Indianapolis Colts,San Francisco 49ers,2025-12-23T01:15:00Z,2025-12-22T14:12:21.474416+00:00,662.6420930166666,player_anytime_td,Brock Purdy,Yes,,475,2025-12-22T14:11:14Z
2dd4521ee298fa2c6f0ab009c182aae9,Indianapolis Colts,San Francisco 49ers,2025-12-23T01:15:00Z,2025-12-22T14:12:21.474420+00:00,662.6420929833333,player_anytime_td,Indianapolis Colts D/ST,Yes,,500,2025-12-22T14:11:14Z
2dd4521ee298fa2c6f0ab009c182aae9,Indianapolis Colts,San Francisco 49ers,2025-12-23T01:15:00Z,2025-12-22T14:12:21.474422+00:00,662.6420929333333,player_anytime_td,San Francisco 49ers D/ST,Yes,,500,2025-12-22T14:11:14Z
2dd4521ee298fa2c6f0ab009c182aae9,Indianapolis Colts,San Francisco 49ers,2025-12-23T01:15:00Z,2025-12-22T14:12:21.474424+00:00,662.6420929,player_anytime_td,Alec Pierce,Yes,,550,2025-12-22T14:11:14Z
2dd4521ee298fa2c6f0ab009c182aae9,Indianapolis Colts,San Francisco 49ers,2025-12-23T01:15:00Z,2025-12-22T14:12:21.474427+00:00,662.6420928666666,player_anytime_td,Ameer Abdullah,Yes,,650,2025-12-22T14:11:14Z
2dd4521ee298fa2c6f0ab009c182aae9,Indianapolis Colts,San Francisco 49ers,2025-12-23T01:15:00Z,2025-12-22T14:12:21.474429+00:00,662.6420928333333,player_anytime_td,Luke Farrell,Yes,,750,2025-12-22T14:11:14Z
2dd4521ee298fa2c6f0ab009c182aae9,Indianapolis Colts,San Francisco 49ers,2025-12-23T01:15:00Z,2025-12-22T14:12:21.474431+00:00,662.6420928,player_anytime_td,Kyle Juszczyk,Yes,,850,2025-12-22T14:11:14Z
2dd4521ee298fa2c6f0ab009c182aae9,Indianapolis Colts,San Francisco 49ers,2025-12-23T01:15:00Z,2025-12-22T14:12:21.474433+00:00,662.6420927666666,player_anytime_td,Jordan Watkins,Yes,,1200,2025-12-22T14:11:14Z
2dd4521ee298fa2c6f0ab009c182aae9,Indianapolis Colts,San Francisco 49ers,2025-12-23T01:15:00Z,2025-12-22T14:12:21.474435+00:00,662.6420927333334,player_anytime_td,Skyy Moore,Yes,,1300,2025-12-22T14:11:14Z
2dd4521ee298fa2c6f0ab009c182aae9,Indianapolis Colts,San Francisco 49ers,2025-12-23T01:15:00Z,2025-12-22T14:12:21.474437+00:00,662.6420927,player_anytime_td,Jake Tonges,Yes,,1400,2025-12-22T14:11:14Z
2dd4521ee298fa2c6f0ab009c182aae9,Indianapolis Colts,San Francisco 49ers,2025-12-23T01:15:00Z,2025-12-22T14:12:21.474440+00:00,662.6420926333334,player_anytime_td,Mo Alie-Cox,Yes,,1700,2025-12-22T14:11:14Z
2dd4521ee298fa2c6f0ab009c182aae9,Indianapolis Colts,San Francisco 49ers,2025-12-23T01:15:00Z,2025-12-22T14:12:21.474443+00:00,662.6420925833334,player_anytime_td,Tyler Goodson,Yes,,1800,2025-12-22T14:11:14Z
2dd4521ee298fa2c6f0ab009c182aae9,Indianapolis Colts,San Francisco 49ers,2025-12-23T01:15:00Z,2025-12-22T14:12:21.474446+00:00,662.6420925333333,player_anytime_td,DJ Giddens,Yes,,2000,2025-12-22T14:11:14Z
2dd4521ee298fa2c6f0ab009c182aae9,Indianapolis Colts,San Francisco 49ers,2025-12-23T01:15:00Z,2025-12-22T14:12:21.474449+00:00,662.6420925,player_anytime_td,Isaac Guerendo,Yes,,2000,2025-12-22T14:11:14Z
2dd4521ee298fa2c6f0ab009c182aae9,Indianapolis Colts,San Francisco 49ers,2025-12-23T01:15:00Z,2025-12-22T14:12:21.474451+00:00,662.6420924666667,player_anytime_td,Anthony Gould,Yes,,2200,2025-12-22T14:11:14Z
2dd4521ee298fa2c6f0ab009c182aae9,Indianapolis Colts,San Francisco 49ers,2025-12-23T01:15:00Z,2025-12-22T14:12:21.474453+00:00,662.6420924333332,player_anytime_td,Will Mallory,Yes,,2200,2025-12-22T14:11:14Z
2dd4521ee298fa2c6f0ab009c182aae9,Indianapolis Colts,San Francisco 49ers,2025-12-23T01:15:00Z,2025-12-22T14:12:21.474455+00:00,662.6420923999999,player_anytime_td,James Jordan,Yes,,2200,2025-12-22T14:11:14Z
2dd4521ee298fa2c6f0ab009c182aae9,Indianapolis Colts,San Francisco 49ers,2025-12-23T01:15:00Z,2025-12-22T14:12:21.474457+00:00,662.6420923666667,player_anytime_td,Philip Rivers,Yes,,2200,2025-12-22T14:11:14Z
2dd4521ee298fa2c6f0ab009c182aae9,Indianapolis Colts,San Francisco 49ers,2025-12-23T01:15:00Z,2025-12-22T14:12:21.474459+00:00,662.6420923333334,player_anytime_td,Laquon Treadwell,Yes,,2500,2025-12-22T14:11:14Z
2dd4521ee298fa2c6f0ab009c182aae9,Indianapolis Colts,San Francisco 49ers,2025-12-23T01:15:00Z,2025-12-22T14:12:21.474461+00:00,662.6420923000001,player_anytime_td,Drew Ogletree,Yes,,2500,2025-12-22T14:11:14Z
2dd4521ee298fa2c6f0ab009c182aae9,Indianapolis Colts,San Francisco 49ers,2025-12-23T01:15:00Z,2025-12-22T14:12:21.474464+00:00,662.64209225,player_field_goals,Eddy Pineiro,Over,1.5,-137,2025-12-22T14:11:14Z
2dd4521ee298fa2c6f0ab009c182aae9,Indianapolis Colts,San Francisco 49ers,2025-12-23T01:15:00Z,2025-12-22T14:12:21.474466+00:00,662.6420922166667,player_field_goals,Eddy Pineiro,Under,1.5,107,2025-12-22T14:11:14Z
2dd4521ee298fa2c6f0ab009c182aae9,Indianapolis Colts,San Francisco 49ers,2025-12-23T01:15:00Z,2025-12-22T14:12:21.474468+00:00,662.6420921833334,player_field_goals,Blake Grupe,Over,1.5,-132,2025-12-22T14:11:14Z
2dd4521ee298fa2c6f0ab009c182aae9,Indianapolis Colts,San Francisco 49ers,2025-12-23T01:15:00Z,2025-12-22T14:12:21.474470+00:00,662.6420921499999,player_field_goals,Blake Grupe,Under,1.5,104,2025-12-22T14:11:14Z
2dd4521ee298fa2c6f0ab009c182aae9,Indianapolis Colts,San Francisco 49ers,2025-12-23T01:15:00Z,2025-12-22T14:12:21.474474+00:00,662.6420920833333,player_kicking_points,Eddy Pineiro,Over,7.5,-121,2025-12-22T14:11:14Z
2dd4521ee298fa2c6f0ab009c182aae9,Indianapolis Colts,San Francisco 49ers,2025-12-23T01:15:00Z,2025-12-22T14:12:21.474476+00:00,662.6420920333334,player_kicking_points,Eddy Pineiro,Under,7.5,-105,2025-12-22T14:11:14Z
2dd4521ee298fa2c6f0ab009c182aae9,Indianapolis Colts,San Francisco 49ers,2025-12-23T01:15:00Z,2025-12-22T14:12:21.474479+00:00,662.642092,player_kicking_points,Blake Grupe,Over,6.5,-124,2025-12-22T14:11:14Z
2dd4521ee298fa2c6f0ab009c182aae9,Indianapolis Colts,San Francisco 49ers,2025-12-23T01:15:00Z,2025-12-22T14:12:21.474481+00:00,662.6420919666667,player_kicking_points,Blake Grupe,Under,6.5,-103,2025-12-22T14:11:14Z
2dd4521ee298fa2c6f0ab009c182aae9,Indianapolis Colts,San Francisco 49ers,2025-12-23T01:15:00Z,2025-12-22T14:12:21.474483+00:00,662.6420919333334,player_last_td,Jonathan Taylor,Yes,,340,2025-12-22T14:11:14Z
2dd4521ee298fa2c6f0ab009c182aae9,Indianapolis Colts,San Francisco 49ers,2025-12-23T01:15:00Z,2025-12-22T14:12:21.474485+00:00,662.6420919,player_last_td,Christian McCaffrey,Yes,,380,2025-12-22T14:11:14Z
2dd4521ee298fa2c6f0ab009c182aae9,Indianapolis Colts,San Francisco 49ers,2025-12-23T01:15:00Z,2025-12-22T14:12:21.474487+00:00,662.6420918666666,player_last_td,George Kittle,Yes,,750,2025-12-22T14:11:14Z
2dd4521ee298fa2c6f0ab009c182aae9,Indianapolis Colts,San Francisco 49ers,2025-12-23T01:15:00Z,2025-12-22T14:12:21.474489+00:00,662.6420918166666,player_last_td,Jauan Jennings,Yes,,1000,2025-12-22T14:11:14Z
2dd4521ee298fa2c6f0ab009c182aae9,Indianapolis Colts,San Francisco 49ers,2025-12-23T01:15:00Z,2025-12-22T14:12:21.474492+00:00,662.6420917833333,player_last_td,Tyler Warren,Yes,,1100,2025-12-22T14:11:14Z
2dd4521ee298fa2c6f0ab009c182aae9,Indianapolis Colts,San Francisco 49ers,2025-12-23T01:15:00Z,2025-12-22T14:12:21.474494+00:00,662.64209175,player_last_td,Michael Pittman Jr.,Yes,,1600,2025-12-22T14:11:14Z
2dd4521ee298fa2c6f0ab009c182aae9,Indianapolis Colts,San Francisco 49ers,2025-12-23T01:15:00Z,2025-12-22T14:12:21.474496+00:00,662.6420917166666,player_last_td,Josh Downs,Yes,,1800,2025-12-22T14:11:14Z
2dd4521ee298fa2c6f0ab009c182aae9,Indianapolis Colts,San Francisco 49ers,2025-12-23T01:15:00Z,2025-12-22T14:12:21.474498+00:00,662.6420916833333,player_last_td,Brian Robinson Jr.,Yes,,1800,2025-12-22T14:11:14Z
2dd4521ee298fa2c6f0ab009c182aae9,Indianapolis Colts,San Francisco 49ers,2025-12-23T01:15:00Z,2025-12-22T14:12:21.474501+00:00,662.6420916333334,player_last_td,Alec Pierce,Yes,,2200,2025-12-22T14:11:14Z
2dd4521ee298fa2c6f0ab009c182aae9,Indianapolis Colts,San Francisco 49ers,2025-12-23T01:15:00Z,2025-12-22T14:12:21.474503+00:00,662.6420916000001,player_last_td,Demarcus Robinson,Yes,,2200,2025-12-22T14:11:14Z
2dd4521ee298fa2c6f0ab009c182aae9,Indianapolis Colts,San Francisco 49ers,2025-12-23T01:15:00Z,2025-12-22T14:12:21.474505+00:00,662.6420915666666,player_last_td,Kendrick Bourne,Yes,,2200,2025-12-22T14:11:14Z
2dd4521ee298fa2c6f0ab009c182aae9,Indianapolis Colts,San Francisco 49ers,2025-12-23T01:15:00Z,2025-12-22T14:12:21.474507+00:00,662.6420915333333,player_last_td,Brock Purdy,Yes,,2500,2025-12-22T14:11:14Z
2dd4521ee298fa2c6f0ab009c182aae9,Indianapolis Colts,San Francisco 49ers,2025-12-23T01:15:00Z,2025-12-22T14:12:21.474509+00:00,662.6420915,player_last_td,San Francisco 49ers D/ST,Yes,,2800,2025-12-22T14:11:14Z
2dd4521ee298fa2c6f0ab009c182aae9,Indianapolis Colts,San Francisco 49ers,2025-12-23T01:15:00Z,2025-12-22T14:12:21.474511+00:00,662.6420914666667,player_last_td,Ameer Abdullah,Yes,,3000,2025-12-22T14:11:14Z
2dd4521ee298fa2c6f0ab009c182aae9,Indianapolis Colts,San Francisco 49ers,2025-12-23T01:15:00Z,2025-12-22T14:12:21.474512+00:00,662.64209145,player_last_td,Indianapolis Colts D/ST,Yes,,3000,2025-12-22T14:11:14Z
2dd4521ee298fa2c6f0ab009c182aae9,Indianapolis Colts,San Francisco 49ers,2025-12-23T01:15:00Z,2025-12-22T14:12:21.474514+00:00,662.6420914166666,player_last_td,Luke Farrell,Yes,,3500,2025-12-22T14:11:14Z
2dd4521ee298fa2c6f0ab009c182aae9,Indianapolis Colts,San Francisco 49ers,2025-12-23T01:15:00Z,2025-12-22T14:12:21.474516+00:00,662.6420913833333,player_last_td,Kyle Juszczyk,Yes,,4000,2025-12-22T14:11:14Z
2dd4521ee298fa2c6f0ab009c182aae9,Indianapolis Colts,San Francisco 49ers,2025-12-23T01:15:00Z,2025-12-22T14:12:21.474518+00:00,662.64209135,player_last_td,Jordan Watkins,Yes,,5000,2025-12-22T14:11:14Z
2dd4521ee298fa2c6f0ab009c182aae9,Indianapolis Colts,San Francisco 49ers,2025-12-23T01:15:00Z,2025-12-22T14:12:21.474520+00:00,662.6420913166668,player_last_td,Skyy Moore,Yes,,5500,2025-12-22T14:11:14Z
2dd4521ee298fa2c6f0ab009c182aae9,Indianapolis Colts,San Francisco 49ers,2025-12-23T01:15:00Z,2025-12-22T14:12:21.474522+00:00,662.6420912833333,player_last_td,Mo Alie-Cox,Yes,,6000,2025-12-22T14:11:14Z
2dd4521ee298fa2c6f0ab009c182aae9,Indianapolis Colts,San Francisco 49ers,2025-12-23T01:15:00Z,2025-12-22T14:12:21.474524+00:00,662.64209125,player_last_td,Jake Tonges,Yes,,6000,2025-12-22T14:11:14Z
2dd4521ee298fa2c6f0ab009c182aae9,Indianapolis Colts,San Francisco 49ers,2025-12-23T01:15:00Z,2025-12-22T14:12:21.474526+00:00,662.6420912166667,player_last_td,Laquon Treadwell,Yes,,7500,2025-12-22T14:11:14Z
2dd4521ee298fa2c6f0ab009c182aae9,Indianapolis Colts,San Francisco 49ers,2025-12-23T01:15:00Z,2025-12-22T14:12:21.474528+00:00,662.6420911833334,player_last_td,DJ Giddens,Yes,,7500,2025-12-22T14:11:14Z
2dd4521ee298fa2c6f0ab009c182aae9,Indianapolis Colts,San Francisco 49ers,2025-12-23T01:15:00Z,2025-12-22T14:12:21.474531+00:00,662.6420911166666,player_last_td,Tyler Goodson,Yes,,7500,2025-12-22T14:11:14Z
2dd4521ee298fa2c6f0ab009c182aae9,Indianapolis Colts,San Francisco 49ers,2025-12-23T01:15:00Z,2025-12-22T14:12:21.474534+00:00,662.6420910666667,player_last_td,Isaac Guerendo,Yes,,8000,2025-12-22T14:11:14Z
2dd4521ee298fa2c6f0ab009c182aae9,Indianapolis Colts,San Francisco 49ers,2025-12-23T01:15:00Z,2025-12-22T14:12:21.474536+00:00,662.6420910333333,player_last_td,James Jordan,Yes,,8000,2025-12-22T14:11:14Z
2dd4521ee298fa2c6f0ab009c182aae9,Indianapolis Colts,San Francisco 49ers,2025-12-23T01:15:00Z,2025-12-22T14:12:21.474538+00:00,662.6420909999999,player_last_td,Anthony Gould,Yes,,8000,2025-12-22T14:11:14Z
2dd4521ee298fa2c6f0ab009c182aae9,Indianapolis Colts,San Francisco 49ers,2025-12-23T01:15:00Z,2025-12-22T14:12:21.474540+00:00,662.64209095,player_last_td,Will Mallory,Yes,,8000,2025-12-22T14:11:14Z
2dd4521ee298fa2c6f0ab009c182aae9,Indianapolis Colts,San Francisco 49ers,2025-12-23T01:15:00Z,2025-12-22T14:12:21.474543+00:00,662.6420909166667,player_last_td,Drew Ogletree,Yes,,9000,2025-12-22T14:11:14Z
2dd4521ee298fa2c6f0ab009c182aae9,Indianapolis Colts,San Francisco 49ers,2025-12-23T01:15:00Z,2025-12-22T14:12:21.474546+00:00,662.6420908666666,player_last_td,Philip Rivers,Yes,,9000,2025-12-22T14:11:14Z
2dd4521ee298fa2c6f0ab009c182aae9,Indianapolis Colts,San Francisco 49ers,2025-12-23T01:15:00Z,2025-12-22T14:12:21.474549+00:00,662.6420908333333,player_last_td,No Touchdown,Yes,,10000,2025-12-22T14:11:14Z
2dd4521ee298fa2c6f0ab009c182aae9,Indianapolis Colts,San Francisco 49ers,2025-12-23T01:15:00Z,2025-12-22T14:12:21.474552+00:00,662.6420907833333,player_pass_attempts,Brock Purdy,Over,33.5,-108,2025-12-22T14:11:14Z
2dd4521ee298fa2c6f0ab009c182aae9,Indianapolis Colts,San Francisco 49ers,2025-12-23T01:15:00Z,2025-12-22T14:12:21.474554+00:00,662.64209075,player_pass_attempts,Brock Purdy,Under,33.5,-118,2025-12-22T14:11:14Z
2dd4521ee298fa2c6f0ab009c182aae9,Indianapolis Colts,San Francisco 49ers,2025-12-23T01:15:00Z,2025-12-22T14:12:21.474556+00:00,662.6420906999999,player_pass_attempts,Philip Rivers,Over,27.5,-116,2025-12-22T14:11:14Z
2dd4521ee298fa2c6f0ab009c182aae9,Indianapolis Colts,San Francisco 49ers,2025-12-23T01:15:00Z,2025-12-22T14:12:21.474558+00:00,662.64209065,player_pass_attempts,Philip Rivers,Under,27.5,-110,2025-12-22T14:11:14Z
2dd4521ee298fa2c6f0ab009c182aae9,Indianapolis Colts,San Francisco 49ers,2025-12-23T01:15:00Z,2025-12-22T14:12:21.474563+00:00,662.6420906000001,player_pass_completions,Brock Purdy,Over,21.5,-123,2025-12-22T14:11:14Z
2dd4521ee298fa2c6f0ab009c182aae9,Indianapolis Colts,San Francisco 49ers,2025-12-23T01:15:00Z,2025-12-22T14:12:21.474565+00:00,662.6420905666668,player_pass_completions,Brock Purdy,Under,21.5,-104,2025-12-22T14:11:14Z
2dd4521ee298fa2c6f0ab009c182aae9,Indianapolis Colts,San Francisco 49ers,2025-12-23T01:15:00Z,2025-12-22T14:12:21.474567+00:00,662.6420905333333,player_pass_completions,Philip Rivers,Over,18.5,100,2025-12-22T14:11:14Z
2dd4521ee298fa2c6f0ab009c182aae9,Indianapolis Colts,San Francisco 49ers,2025-12-23T01:15:00Z,2025-12-22T14:12:21.474569+00:00,662.6420904833334,player_pass_completions,Philip Rivers,Under,18.5,-127,2025-12-22T14:11:14Z
2dd4521ee298fa2c6f0ab009c182aae9,Indianapolis Colts,San Francisco 49ers,2025-12-23T01:15:00Z,2025-12-22T14:12:21.474572+00:00,662.64209045,player_pass_interceptions,Philip Rivers,Over,0.5,-127,2025-12-22T14:11:14Z
2dd4521ee298fa2c6f0ab009c182aae9,Indianapolis Colts,San Francisco 49ers,2025-12-23T01:15:00Z,2025-12-22T14:12:21.474575+00:00,662.6420904,player_pass_interceptions,Philip Rivers,Under,0.5,100,2025-12-22T14:11:14Z
2dd4521ee298fa2c6f0ab009c182aae9,Indianapolis Colts,San Francisco 49ers,2025-12-23T01:15:00Z,2025-12-22T14:12:21.474577+00:00,662.6420903666666,player_pass_interceptions,Brock Purdy,Over,0.5,-141,2025-12-22T14:11:14Z
2dd4521ee298fa2c6f0ab009c182aae9,Indianapolis Colts,San Francisco 49ers,2025-12-23T01:15:00Z,2025-12-22T14:12:21.474579+00:00,662.6420903333333,player_pass_interceptions,Brock Purdy,Under,0.5,111,2025-12-22T14:11:14Z
2dd4521ee298fa2c6f0ab009c182aae9,Indianapolis Colts,San Francisco 49ers,2025-12-23T01:15:00Z,2025-12-22T14:12:21.474582+00:00,662.6420902833332,player_pass_longest_completion,Brock Purdy,Over,34.5,-115,2025-12-22T14:11:14Z
2dd4521ee298fa2c6f0ab009c182aae9,Indianapolis Colts,San Francisco 49ers,2025-12-23T01:15:00Z,2025-12-22T14:12:21.474584+00:00,662.6420902499999,player_pass_longest_completion,Brock Purdy,Under,34.5,-115,2025-12-22T14:11:14Z
2dd4521ee298fa2c6f0ab009c182aae9,Indianapolis Colts,San Francisco 49ers,2025-12-23T01:15:00Z,2025-12-22T14:12:21.474586+00:00,662.6420902166667,player_pass_longest_completion,Philip Rivers,Over,26.5,-120,2025-12-22T14:11:14Z
2dd4521ee298fa2c6f0ab009c182aae9,Indianapolis Colts,San Francisco 49ers,2025-12-23T01:15:00Z,2025-12-22T14:12:21.474588+00:00,662.6420901833334,player_pass_longest_completion,Philip Rivers,Under,26.5,-110,2025-12-22T14:11:14Z
2dd4521ee298fa2c6f0ab009c182aae9,Indianapolis Colts,San Francisco 49ers,2025-12-23T01:15:00Z,2025-12-22T14:12:21.474590+00:00,662.6420901333333,player_pass_tds,Brock Purdy,Over,1.5,-156,2025-12-22T14:11:14Z
2dd4521ee298fa2c6f0ab009c182aae9,Indianapolis Colts,San Francisco 49ers,2025-12-23T01:15:00Z,2025-12-22T14:12:21.474592+00:00,662.6420901,player_pass_tds,Brock Purdy,Under,1.5,122,2025-12-22T14:11:14Z
2dd4521ee298fa2c6f0ab009c182aae9,Indianapolis Colts,San Francisco 49ers,2025-12-23T01:15:00Z,2025-12-22T14:12:21.474595+00:00,662.6420900666667,player_pass_tds,Philip Rivers,Over,0.5,-210,2025-12-22T14:11:14Z
2dd4521ee298fa2c6f0ab009c182aae9,Indianapolis Colts,San Francisco 49ers,2025-12-23T01:15:00Z,2025-12-22T14:12:21.474597+00:00,662.6420900333334,player_pass_tds,Philip Rivers,Under,0.5,163,2025-12-22T14:11:14Z
2dd4521ee298fa2c6f0ab009c182aae9,Indianapolis Colts,San Francisco 49ers,2025-12-23T01:15:00Z,2025-12-22T14:12:21.474600+00:00,662.6420899833333,player_pass_yds,Brock Purdy,Over,245.5,-111,2025-12-22T14:11:14Z
2dd4521ee298fa2c6f0ab009c182aae9,Indianapolis Colts,San Francisco 49ers,2025-12-23T01:15:00Z,2025-12-22T14:12:21.474602+00:00,662.64208995,player_pass_yds,Brock Purdy,Under,245.5,-113,2025-12-22T14:11:14Z
2dd4521ee298fa2c6f0ab009c182aae9,Indianapolis Colts,San Francisco 49ers,2025-12-23T01:15:00Z,2025-12-22T14:12:21.474604+00:00,662.6420899166666,player_pass_yds,Philip Rivers,Over,159.5,-113,2025-12-22T14:11:14Z
2dd4521ee298fa2c6f0ab009c182aae9,Indianapolis Colts,San Francisco 49ers,2025-12-23T01:15:00Z,2025-12-22T14:12:21.474606+00:00,662.6420898666668,player_pass_yds,Philip Rivers,Under,159.5,-111,2025-12-22T14:11:14Z
2dd4521ee298fa2c6f0ab009c182aae9,Indianapolis Colts,San Francisco 49ers,2025-12-23T01:15:00Z,2025-12-22T14:12:21.474609+00:00,662.6420898333333,player_pats,Eddy Pineiro,Over,2.5,-104,2025-12-22T14:11:14Z
2dd4521ee298fa2c6f0ab009c182aae9,Indianapolis Colts,San Francisco 49ers,2025-12-23T01:15:00Z,2025-12-22T14:12:21.474611+00:00,662.6420898,player_pats,Eddy Pineiro,Under,2.5,-123,2025-12-22T14:11:14Z
2dd4521ee298fa2c6f0ab009c182aae9,Indianapolis Colts,San Francisco 49ers,2025-12-23T01:15:00Z,2025-12-22T14:12:21.474613+00:00,662.64208975,player_pats,Blake Grupe,Over,1.5,-118,2025-12-22T14:11:14Z
2dd4521ee298fa2c6f0ab009c182aae9,Indianapolis Colts,San Francisco 49ers,2025-12-23T01:15:00Z,2025-12-22T14:12:21.474615+00:00,662.6420897166666,player_pats,Blake Grupe,Under,1.5,-108,2025-12-22T14:11:14Z
2dd4521ee298fa2c6f0ab009c182aae9,Indianapolis Colts,San Francisco 49ers,2025-12-23T01:15:00Z,2025-12-22T14:12:21.474618+00:00,662.6420896666666,player_reception_longest,George Kittle,Over,23.5,-105,2025-12-22T14:11:14Z
2dd4521ee298fa2c6f0ab009c182aae9,Indianapolis Colts,San Francisco 49ers,2025-12-23T01:15:00Z,2025-12-22T14:12:21.474621+00:00,662.6420896333333,player_reception_longest,George Kittle,Under,23.5,-125,2025-12-22T14:11:14Z
2dd4521ee298fa2c6f0ab009c182aae9,Indianapolis Colts,San Francisco 49ers,2025-12-23T01:15:00Z,2025-12-22T14:12:21.474623+00:00,662.6420896,player_reception_longest,Jauan Jennings,Over,21.5,-110,2025-12-22T14:11:14Z
2dd4521ee298fa2c6f0ab009c182aae9,Indianapolis Colts,San Francisco 49ers,2025-12-23T01:15:00Z,2025-12-22T14:12:21.474625+00:00,662.6420895499999,player_reception_longest,Jauan Jennings,Under,21.5,-120,2025-12-22T14:11:14Z
2dd4521ee298fa2c6f0ab009c182aae9,Indianapolis Colts,San Francisco 49ers,2025-12-23T01:15:00Z,2025-12-22T14:12:21.474629+00:00,662.6420895,player_reception_longest,Tyler Warren,Over,15.5,-110,2025-12-22T14:11:14Z
2dd4521ee298fa2c6f0ab009c182aae9,Indianapolis Colts,San Francisco 49ers,2025-12-23T01:15:00Z,2025-12-22T14:12:21.474630+00:00,662.6420894666667,player_reception_longest,Tyler Warren,Under,15.5,-120,2025-12-22T14:11:14Z
2dd4521ee298fa2c6f0ab009c182aae9,Indianapolis Colts,San Francisco 49ers,2025-12-23T01:15:00Z,2025-12-22T14:12:21.474633+00:00,662.6420894333334,player_reception_longest,Christian McCaffrey,Over,14.5,-120,2025-12-22T14:11:14Z
2dd4521ee298fa2c6f0ab009c182aae9,Indianapolis Colts,San Francisco 49ers,2025-12-23T01:15:00Z,2025-12-22T14:12:21.474635+00:00,662.6420894,player_reception_longest,Christian McCaffrey,Under,14.5,-110,2025-12-22T14:11:14Z
2dd4521ee298fa2c6f0ab009c182aae9,Indianapolis Colts,San Francisco 49ers,2025-12-23T01:15:00Z,2025-12-22T14:12:21.474636+00:00,662.6420893666667,player_reception_longest,Kendrick Bourne,Over,14.5,-115,2025-12-22T14:11:14Z
2dd4521ee298fa2c6f0ab009c182aae9,Indianapolis Colts,San Francisco 49ers,2025-12-23T01:15:00Z,2025-12-22T14:12:21.474638+00:00,662.64208935,player_reception_longest,Kendrick Bourne,Under,14.5,-115,2025-12-22T14:11:14Z
2dd4521ee298fa2c6f0ab009c182aae9,Indianapolis Colts,San Francisco 49ers,2025-12-23T01:15:00Z,2025-12-22T14:12:21.474640+00:00,662.6420893,player_reception_longest,Michael Pittman Jr.,Over,14.5,-115,2025-12-22T14:11:14Z
2dd4521ee298fa2c6f0ab009c182aae9,Indianapolis Colts,San Francisco 49ers,2025-12-23T01:15:00Z,2025-12-22T14:12:21.474643+00:00,662.6420892666666,player_reception_longest,Michael Pittman Jr.,Under,14.5,-115,2025-12-22T14:11:14Z
2dd4521ee298fa2c6f0ab009c182aae9,Indianapolis Colts,San Francisco 49ers,2025-12-23T01:15:00Z,2025-12-22T14:12:21.474645+00:00,662.6420892333333,player_reception_longest,Josh Downs,Over,13.5,-115,2025-12-22T14:11:14Z
2dd4521ee298fa2c6f0ab009c182aae9,Indianapolis Colts,San Francisco 49ers,2025-12-23T01:15:00Z,2025-12-22T14:12:21.474647+00:00,662.6420892,player_reception_longest,Josh Downs,Under,13.5,-115,2025-12-22T14:11:14Z
2dd4521ee298fa2c6f0ab009c182aae9,Indianapolis Colts,San Francisco 49ers,2025-12-23T01:15:00Z,2025-12-22T14:12:21.474649+00:00,662.6420891500001,player_reception_longest,Alec Pierce,Over,13.5,-110,2025-12-22T14:11:14Z
2dd4521ee298fa2c6f0ab009c182aae9,Indianapolis Colts,San Francisco 49ers,2025-12-23T01:15:00Z,2025-12-22T14:12:21.474651+00:00,662.6420891166667,player_reception_longest,Alec Pierce,Under,13.5,-120,2025-12-22T14:11:14Z
2dd4521ee298fa2c6f0ab009c182aae9,Indianapolis Colts,San Francisco 49ers,2025-12-23T01:15:00Z,2025-12-22T14:12:21.474653+00:00,662.6420890833334,player_reception_longest,Demarcus Robinson,Over,12.5,-125,2025-12-22T14:11:14Z
2dd4521ee298fa2c6f0ab009c182aae9,Indianapolis Colts,San Francisco 49ers,2025-12-23T01:15:00Z,2025-12-22T14:12:21.474655+00:00,662.64208905,player_reception_longest,Demarcus Robinson,Under,12.5,-110,2025-12-22T14:11:14Z
2dd4521ee298fa2c6f0ab009c182aae9,Indianapolis Colts,San Francisco 49ers,2025-12-23T01:15:00Z,2025-12-22T14:12:21.474658+00:00,662.6420890166667,player_reception_longest,Jonathan Taylor,Over,10.5,-110,2025-12-22T14:11:14Z
2dd4521ee298fa2c6f0ab009c182aae9,Indianapolis Colts,San Francisco 49ers,2025-12-23T01:15:00Z,2025-12-22T14:12:21.474660+00:00,662.6420889833333,player_reception_longest,Jonathan Taylor,Under,10.5,-120,2025-12-22T14:11:14Z
2dd4521ee298fa2c6f0ab009c182aae9,Indianapolis Colts,San Francisco 49ers,2025-12-23T01:15:00Z,2025-12-22T14:12:21.474663+00:00,662.6420889333333,player_reception_yds,George Kittle,Over,67.5,-114,2025-12-22T14:11:14Z
2dd4521ee298fa2c6f0ab009c182aae9,Indianapolis Colts,San Francisco 49ers,2025-12-23T01:15:00Z,2025-12-22T14:12:21.474665+00:00,662.6420889,player_reception_yds,George Kittle,Under,67.5,-110,2025-12-22T14:11:14Z
2dd4521ee298fa2c6f0ab009c182aae9,Indianapolis Colts,San Francisco 49ers,2025-12-23T01:15:00Z,2025-12-22T14:12:21.474667+00:00,662.6420888666667,player_reception_yds,Jauan Jennings,Over,54.5,-113,2025-12-22T14:11:14Z
2dd4521ee298fa2c6f0ab009c182aae9,Indianapolis Colts,San Francisco 49ers,2025-12-23T01:15:00Z,2025-12-22T14:12:21.474669+00:00,662.6420888333333,player_reception_yds,Jauan Jennings,Under,54.5,-111,2025-12-22T14:11:14Z
2dd4521ee298fa2c6f0ab009c182aae9,Indianapolis Colts,San Francisco 49ers,2025-12-23T01:15:00Z,2025-12-22T14:12:21.474671+00:00,662.6420888,player_reception_yds,Christian McCaffrey,Over,39.5,-110,2025-12-22T14:11:14Z
2dd4521ee298fa2c6f0ab009c182aae9,Indianapolis Colts,San Francisco 49ers,2025-12-23T01:15:00Z,2025-12-22T14:12:21.474673+00:00,662.6420887666667,player_reception_yds,Christian McCaffrey,Under,39.5,-114,2025-12-22T14:11:14Z
2dd4521ee298fa2c6f0ab009c182aae9,Indianapolis Colts,San Francisco 49ers,2025-12-23T01:15:00Z,2025-12-22T14:12:21.474675+00:00,662.6420887333334,player_reception_yds,Tyler Warren,Over,35.5,-109,2025-12-22T14:11:14Z
2dd4521ee298fa2c6f0ab009c182aae9,Indianapolis Colts,San Francisco 49ers,2025-12-23T01:15:00Z,2025-12-22T14:12:21.474677+00:00,662.6420887,player_reception_yds,Tyler Warren,Under,35.5,-115,2025-12-22T14:11:14Z
2dd4521ee298fa2c6f0ab009c182aae9,Indianapolis Colts,San Francisco 49ers,2025-12-23T01:15:00Z,2025-12-22T14:12:21.474679+00:00,662.6420886666667,player_reception_yds,Michael Pittman Jr.,Over,32.5,-109,2025-12-22T14:11:14Z
2dd4521ee298fa2c6f0ab009c182aae9,Indianapolis Colts,San Francisco 49ers,2025-12-23T01:15:00Z,2025-12-22T14:12:21.474681+00:00,662.6420886333333,player_reception_yds,Michael Pittman Jr.,Under,32.5,-115,2025-12-22T14:11:14Z
2dd4521ee298fa2c6f0ab009c182aae9,Indianapolis Colts,San Francisco 49ers,2025-12-23T01:15:00Z,2025-12-22T14:12:21.474683+00:00,662.6420886,player_reception_yds,Josh Downs,Over,26.5,-108,2025-12-22T14:11:14Z
2dd4521ee298fa2c6f0ab009c182aae9,Indianapolis Colts,San Francisco 49ers,2025-12-23T01:15:00Z,2025-12-22T14:12:21.474685+00:00,662.6420885666666,player_reception_yds,Josh Downs,Under,26.5,-116,2025-12-22T14:11:14Z
2dd4521ee298fa2c6f0ab009c182aae9,Indianapolis Colts,San Francisco 49ers,2025-12-23T01:15:00Z,2025-12-22T14:12:21.474687+00:00,662.6420885333333,player_reception_yds,Kendrick Bourne,Over,22.5,-109,2025-12-22T14:11:14Z
2dd4521ee298fa2c6f0ab009c182aae9,Indianapolis Colts,San Francisco 49ers,2025-12-23T01:15:00Z,2025-12-22T14:12:21.474689+00:00,662.6420885,player_reception_yds,Kendrick Bourne,Under,22.5,-115,2025-12-22T14:11:14Z
2dd4521ee298fa2c6f0ab009c182aae9,Indianapolis Colts,San Francisco 49ers,2025-12-23T01:15:00Z,2025-12-22T14:12:21.474691+00:00,662.6420884666666,player_reception_yds,Alec Pierce,Over,20.5,-116,2025-12-22T14:11:14Z
2dd4521ee298fa2c6f0ab009c182aae9,Indianapolis Colts,San Francisco 49ers,2025-12-23T01:15:00Z,2025-12-22T14:12:21.474693+00:00,662.6420884333334,player_reception_yds,Alec Pierce,Under,20.5,-108,2025-12-22T14:11:14Z
2dd4521ee298fa2c6f0ab009c182aae9,Indianapolis Colts,San Francisco 49ers,2025-12-23T01:15:00Z,2025-12-22T14:12:21.474695+00:00,662.6420884,player_reception_yds,Jonathan Taylor,Over,20.5,-112,2025-12-22T14:11:14Z
2dd4521ee298fa2c6f0ab009c182aae9,Indianapolis Colts,San Francisco 49ers,2025-12-23T01:15:00Z,2025-12-22T14:12:21.474696+00:00,662.6420883833333,player_reception_yds,Jonathan Taylor,Under,20.5,-112,2025-12-22T14:11:14Z
2dd4521ee298fa2c6f0ab009c182aae9,Indianapolis Colts,San Francisco 49ers,2025-12-23T01:15:00Z,2025-12-22T14:12:21.474698+00:00,662.64208835,player_reception_yds,Demarcus Robinson,Over,17.5,-110,2025-12-22T14:11:14Z
2dd4521ee298fa2c6f0ab009c182aae9,Indianapolis Colts,San Francisco 49ers,2025-12-23T01:15:00Z,2025-12-22T14:12:21.474700+00:00,662.6420883166667,player_reception_yds,Demarcus Robinson,Under,17.5,-114,2025-12-22T14:11:14Z
2dd4521ee298fa2c6f0ab009c182aae9,Indianapolis Colts,San Francisco 49ers,2025-12-23T01:15:00Z,2025-12-22T14:12:21.474702+00:00,662.6420882833334,player_reception_yds,Kyle Juszczyk,Over,7.5,-114,2025-12-22T14:11:14Z
2dd4521ee298fa2c6f0ab009c182aae9,Indianapolis Colts,San Francisco 49ers,2025-12-23T01:15:00Z,2025-12-22T14:12:21.474704+00:00,662.64208825,player_reception_yds,Kyle Juszczyk,Under,7.5,-110,2025-12-22T14:11:14Z
2dd4521ee298fa2c6f0ab009c182aae9,Indianapolis Colts,San Francisco 49ers,2025-12-23T01:15:00Z,2025-12-22T14:12:21.474706+00:00,662.6420882,player_receptions,George Kittle,Over,5.5,-150,2025-12-22T14:11:14Z
2dd4521ee298fa2c6f0ab009c182aae9,Indianapolis Colts,San Francisco 49ers,2025-12-23T01:15:00Z,2025-12-22T14:12:21.474708+00:00,662.6420881666667,player_receptions,George Kittle,Under,5.5,117,2025-12-22T14:11:14Z
2dd4521ee298fa2c6f0ab009c182aae9,Indianapolis Colts,San Francisco 49ers,2025-12-23T01:15:00Z,2025-12-22T14:12:21.474712+00:00,662.6420881166666,player_receptions,Christian McCaffrey,Over,5.5,121,2025-12-22T14:11:14Z
2dd4521ee298fa2c6f0ab009c182aae9,Indianapolis Colts,San Francisco 49ers,2025-12-23T01:15:00Z,2025-12-22T14:12:21.474714+00:00,662.6420880833334,player_receptions,Christian McCaffrey,Under,5.5,-154,2025-12-22T14:11:14Z
2dd4521ee298fa2c6f0ab009c182aae9,Indianapolis Colts,San Francisco 49ers,2025-12-23T01:15:00Z,2025-12-22T14:12:21.474716+00:00,662.6420880500001,player_receptions,Jauan Jennings,Over,4.5,-119,2025-12-22T14:11:14Z
2dd4521ee298fa2c6f0ab009c182aae9,Indianapolis Colts,San Francisco 49ers,2025-12-23T01:15:00Z,2025-12-22T14:12:21.474718+00:00,662.6420880166667,player_receptions,Jauan Jennings,Under,4.5,-107,2025-12-22T14:11:14Z
2dd4521ee298fa2c6f0ab009c182aae9,Indianapolis Colts,San Francisco 49ers,2025-12-23T01:15:00Z,2025-12-22T14:12:21.474720+00:00,662.6420879833333,player_receptions,Tyler Warren,Over,3.5,-148,2025-12-22T14:11:14Z
2dd4521ee298fa2c6f0ab009c182aae9,Indianapolis Colts,San Francisco 49ers,2025-12-23T01:15:00Z,2025-12-22T14:12:21.474722+00:00,662.64208795,player_receptions,Tyler Warren,Under,3.5,116,2025-12-22T14:11:14Z
2dd4521ee298fa2c6f0ab009c182aae9,Indianapolis Colts,San Francisco 49ers,2025-12-23T01:15:00Z,2025-12-22T14:12:21.474724+00:00,662.6420879166667,player_receptions,Michael Pittman Jr.,Over,3.5,-109,2025-12-22T14:11:14Z
2dd4521ee298fa2c6f0ab009c182aae9,Indianapolis Colts,San Francisco 49ers,2025-12-23T01:15:00Z,2025-12-22T14:12:21.474726+00:00,662.6420878833334,player_receptions,Michael Pittman Jr.,Under,3.5,-117,2025-12-22T14:11:14Z
2dd4521ee298fa2c6f0ab009c182aae9,Indianapolis Colts,San Francisco 49ers,2025-12-23T01:15:00Z,2025-12-22T14:12:21.474728+00:00,662.6420878499999,player_receptions,Josh Downs,Over,3.5,110,2025-12-22T14:11:14Z
2dd4521ee298fa2c6f0ab009c182aae9,Indianapolis Colts,San Francisco 49ers,2025-12-23T01:15:00Z,2025-12-22T14:12:21.474730+00:00,662.6420878166666,player_receptions,Josh Downs,Under,3.5,-141,2025-12-22T14:11:14Z
2dd4521ee298fa2c6f0ab009c182aae9,Indianapolis Colts,San Francisco 49ers,2025-12-23T01:15:00Z,2025-12-22T14:12:21.474732+00:00,662.6420877833333,player_receptions,Jonathan Taylor,Over,2.5,-164,2025-12-22T14:11:14Z
2dd4521ee298fa2c6f0ab009c182aae9,Indianapolis Colts,San Francisco 49ers,2025-12-23T01:15:00Z,2025-12-22T14:12:21.474734+00:00,662.64208775,player_receptions,Jonathan Taylor,Under,2.5,128,2025-12-22T14:11:14Z
2dd4521ee298fa2c6f0ab009c182aae9,Indianapolis Colts,San Francisco 49ers,2025-12-23T01:15:00Z,2025-12-22T14:12:21.474736+00:00,662.6420877166668,player_receptions,Kendrick Bourne,Over,2.5,142,2025-12-22T14:11:14Z
2dd4521ee298fa2c6f0ab009c182aae9,Indianapolis Colts,San Francisco 49ers,2025-12-23T01:15:00Z,2025-12-22T14:12:21.474738+00:00,662.6420876666667,player_receptions,Kendrick Bourne,Under,2.5,-183,2025-12-22T14:11:14Z
2dd4521ee298fa2c6f0ab009c182aae9,Indianapolis Colts,San Francisco 49ers,2025-12-23T01:15:00Z,2025-12-22T14:12:21.474741+00:00,662.6420876333334,player_receptions,Alec Pierce,Over,1.5,-144,2025-12-22T14:11:14Z
2dd4521ee298fa2c6f0ab009c182aae9,Indianapolis Colts,San Francisco 49ers,2025-12-23T01:15:00Z,2025-12-22T14:12:21.474742+00:00,662.6420876,player_receptions,Alec Pierce,Under,1.5,113,2025-12-22T14:11:14Z
2dd4521ee298fa2c6f0ab009c182aae9,Indianapolis Colts,San Francisco 49ers,2025-12-23T01:15:00Z,2025-12-22T14:12:21.474744+00:00,662.6420875666666,player_receptions,Demarcus Robinson,Over,1.5,-117,2025-12-22T14:11:14Z
2dd4521ee298fa2c6f0ab009c182aae9,Indianapolis Colts,San Francisco 49ers,2025-12-23T01:15:00Z,2025-12-22T14:12:21.474746+00:00,662.64208755,player_receptions,Demarcus Robinson,Under,1.5,-109,2025-12-22T14:11:14Z
2dd4521ee298fa2c6f0ab009c182aae9,Indianapolis Colts,San Francisco 49ers,2025-12-23T01:15:00Z,2025-12-22T14:12:21.474749+00:00,662.6420875,player_rush_attempts,Jonathan Taylor,Over,23.5,-106,2025-12-22T14:11:14Z
2dd4521ee298fa2c6f0ab009c182aae9,Indianapolis Colts,San Francisco 49ers,2025-12-23T01:15:00Z,2025-12-22T14:12:21.474751+00:00,662.6420874666667,player_rush_attempts,Jonathan Taylor,Under,23.5,-120,2025-12-22T14:11:14Z
2dd4521ee298fa2c6f0ab009c182aae9,Indianapolis Colts,San Francisco 49ers,2025-12-23T01:15:00Z,2025-12-22T14:12:21.474753+00:00,662.6420874333332,player_rush_attempts,Christian McCaffrey,Over,17.5,-125,2025-12-22T14:11:14Z
2dd4521ee298fa2c6f0ab009c182aae9,Indianapolis Colts,San Francisco 49ers,2025-12-23T01:15:00Z,2025-12-22T14:12:21.474754+00:00,662.6420873999999,player_rush_attempts,Christian McCaffrey,Under,17.5,-102,2025-12-22T14:11:14Z
2dd4521ee298fa2c6f0ab009c182aae9,Indianapolis Colts,San Francisco 49ers,2025-12-23T01:15:00Z,2025-12-22T14:12:21.474757+00:00,662.6420873666667,player_rush_longest,Jonathan Taylor,Over,17.5,-125,2025-12-22T14:11:14Z
2dd4521ee298fa2c6f0ab009c182aae9,Indianapolis Colts,San Francisco 49ers,2025-12-23T01:15:00Z,2025-12-22T14:12:21.474759+00:00,662.6420873333334,player_rush_longest,Jonathan Taylor,Under,17.5,-105,2025-12-22T14:11:14Z
2dd4521ee298fa2c6f0ab009c182aae9,Indianapolis Colts,San Francisco 49ers,2025-12-23T01:15:00Z,2025-12-22T14:12:21.474760+00:00,662.6420873000001,player_rush_longest,Christian McCaffrey,Over,11.5,-115,2025-12-22T14:11:14Z
2dd4521ee298fa2c6f0ab009c182aae9,Indianapolis Colts,San Francisco 49ers,2025-12-23T01:15:00Z,2025-12-22T14:12:21.474762+00:00,662.6420872833334,player_rush_longest,Christian McCaffrey,Under,11.5,-115,2025-12-22T14:11:14Z
2dd4521ee298fa2c6f0ab009c182aae9,Indianapolis Colts,San Francisco 49ers,2025-12-23T01:15:00Z,2025-12-22T14:12:21.474764+00:00,662.64208725,player_rush_longest,Brock Purdy,Over,8.5,100,2025-12-22T14:11:14Z
2dd4521ee298fa2c6f0ab009c182aae9,Indianapolis Colts,San Francisco 49ers,2025-12-23T01:15:00Z,2025-12-22T14:12:21.474766+00:00,662.6420872166667,player_rush_longest,Brock Purdy,Under,8.5,-130,2025-12-22T14:11:14Z
2dd4521ee298fa2c6f0ab009c182aae9,Indianapolis Colts,San Francisco 49ers,2025-12-23T01:15:00Z,2025-12-22T14:12:21.474768+00:00,662.6420871833333,player_rush_reception_yds,Jonathan Taylor,Over,121.5,-112,2025-12-22T14:11:14Z
2dd4521ee298fa2c6f0ab009c182aae9,Indianapolis Colts,San Francisco 49ers,2025-12-23T01:15:00Z,2025-12-22T14:12:21.474771+00:00,662.6420871333333,player_rush_reception_yds,Jonathan Taylor,Under,121.5,-114,2025-12-22T14:11:14Z
2dd4521ee298fa2c6f0ab009c182aae9,Indianapolis Colts,San Francisco 49ers,2025-12-23T01:15:00Z,2025-12-22T14:12:21.474773+00:00,662.6420870999999,player_rush_reception_yds,Christian McCaffrey,Over,106.5,-112,2025-12-22T14:11:14Z
2dd4521ee298fa2c6f0ab009c182aae9,Indianapolis Colts,San Francisco 49ers,2025-12-23T01:15:00Z,2025-12-22T14:12:21.474774+00:00,662.6420870666666,player_rush_reception_yds,Christian McCaffrey,Under,106.5,-113,2025-12-22T14:11:14Z
2dd4521ee298fa2c6f0ab009c182aae9,Indianapolis Colts,San Francisco 49ers,2025-12-23T01:15:00Z,2025-12-22T14:12:21.474777+00:00,662.6420870333333,player_rush_yds,Jonathan Taylor,Over,96.5,-110,2025-12-22T14:11:14Z
2dd4521ee298fa2c6f0ab009c182aae9,Indianapolis Colts,San Francisco 49ers,2025-12-23T01:15:00Z,2025-12-22T14:12:21.474779+00:00,662.6420870000001,player_rush_yds,Jonathan Taylor,Under,96.5,-114,2025-12-22T14:11:14Z
2dd4521ee298fa2c6f0ab009c182aae9,Indianapolis Colts,San Francisco 49ers,2025-12-23T01:15:00Z,2025-12-22T14:12:21.474781+00:00,662.6420869666667,player_rush_yds,Christian McCaffrey,Over,62.5,-111,2025-12-22T14:11:14Z
2dd4521ee298fa2c6f0ab009c182aae9,Indianapolis Colts,San Francisco 49ers,2025-12-23T01:15:00Z,2025-12-22T14:12:21.474783+00:00,662.6420869333334,player_rush_yds,Christian McCaffrey,Under,62.5,-113,2025-12-22T14:11:14Z
2dd4521ee298fa2c6f0ab009c182aae9,Indianapolis Colts,San Francisco 49ers,2025-12-23T01:15:00Z,2025-12-22T14:12:21.474784+00:00,662.6420869166667,player_rush_yds,Brian Robinson Jr.,Over,22.5,-116,2025-12-22T14:11:14Z
2dd4521ee298fa2c6f0ab009c182aae9,Indianapolis Colts,San Francisco 49ers,2025-12-23T01:15:00Z,2025-12-22T14:12:21.474786+00:00,662.6420868833334,player_rush_yds,Brian Robinson Jr.,Under,22.5,-108,2025-12-22T14:11:14Z
2dd4521ee298fa2c6f0ab009c182aae9,Indianapolis Colts,San Francisco 49ers,2025-12-23T01:15:00Z,2025-12-22T14:12:21.474788+00:00,662.64208685,player_rush_yds,Brock Purdy,Over,11.5,-115,2025-12-22T14:11:14Z
2dd4521ee298fa2c6f0ab009c182aae9,Indianapolis Colts,San Francisco 49ers,2025-12-23T01:15:00Z,2025-12-22T14:12:21.474790+00:00,662.6420868166666,player_rush_yds,Brock Purdy,Under,11.5,-109,2025-12-22T14:11:14Z
2dd4521ee298fa2c6f0ab009c182aae9,Indianapolis Colts,San Francisco 49ers,2025-12-23T01:15:00Z,2025-12-22T14:12:21.474794+00:00,662.64208675,player_sacks,Bryce Huff,Over,0.25,157,2025-12-22T14:11:14Z
2dd4521ee298fa2c6f0ab009c182aae9,Indianapolis Colts,San Francisco 49ers,2025-12-23T01:15:00Z,2025-12-22T14:12:21.474796+00:00,662.6420867166667,player_sacks,Bryce Huff,Under,0.25,-202,2025-12-22T14:11:14Z
2dd4521ee298fa2c6f0ab009c182aae9,Indianapolis Colts,San Francisco 49ers,2025-12-23T01:15:00Z,2025-12-22T14:12:21.474798+00:00,662.6420866833333,player_sacks,Laiatu Latu,Over,0.25,168,2025-12-22T14:11:14Z
2dd4521ee298fa2c6f0ab009c182aae9,Indianapolis Colts,San Francisco 49ers,2025-12-23T01:15:00Z,2025-12-22T14:12:21.474800+00:00,662.64208665,player_sacks,Laiatu Latu,Under,0.25,-217,2025-12-22T14:11:14Z
2dd4521ee298fa2c6f0ab009c182aae9,Indianapolis Colts,San Francisco 49ers,2025-12-23T01:15:00Z,2025-12-22T14:12:21.474801+00:00,662.6420866333334,player_sacks,Kwity Paye,Over,0.25,198,2025-12-22T14:11:14Z
2dd4521ee298fa2c6f0ab009c182aae9,Indianapolis Colts,San Francisco 49ers,2025-12-23T01:15:00Z,2025-12-22T14:12:21.474803+00:00,662.6420866000001,player_sacks,Kwity Paye,Under,0.25,-256,2025-12-22T14:11:14Z
2dd4521ee298fa2c6f0ab009c182aae9,Indianapolis Colts,San Francisco 49ers,2025-12-23T01:15:00Z,2025-12-22T14:12:21.474805+00:00,662.6420865666666,player_sacks,Samson Ebukam,Over,0.25,293,2025-12-22T14:11:14Z
2dd4521ee298fa2c6f0ab009c182aae9,Indianapolis Colts,San Francisco 49ers,2025-12-23T01:15:00Z,2025-12-22T14:12:21.474807+00:00,662.6420865333333,player_sacks,Samson Ebukam,Under,0.25,-388,2025-12-22T14:11:14Z
2dd4521ee298fa2c6f0ab009c182aae9,Indianapolis Colts,San Francisco 49ers,2025-12-23T01:15:00Z,2025-12-22T14:12:21.474809+00:00,662.6420865,player_solo_tackles,Zaire Franklin,Over,4.5,-130,2025-12-22T14:11:14Z
2dd4521ee298fa2c6f0ab009c182aae9,Indianapolis Colts,San Francisco 49ers,2025-12-23T01:15:00Z,2025-12-22T14:12:21.474811+00:00,662.6420864666667,player_solo_tackles,Zaire Franklin,Under,4.5,101,2025-12-22T14:11:14Z
2dd4521ee298fa2c6f0ab009c182aae9,Indianapolis Colts,San Francisco 49ers,2025-12-23T01:15:00Z,2025-12-22T14:12:21.474813+00:00,662.6420864333334,player_solo_tackles,Nick Cross,Over,3.5,-155,2025-12-22T14:11:14Z
2dd4521ee298fa2c6f0ab009c182aae9,Indianapolis Colts,San Francisco 49ers,2025-12-23T01:15:00Z,2025-12-22T14:12:21.474815+00:00,662.6420863999999,player_solo_tackles,Nick Cross,Under,3.5,119,2025-12-22T14:11:14Z
2dd4521ee298fa2c6f0ab009c182aae9,Indianapolis Colts,San Francisco 49ers,2025-12-23T01:15:00Z,2025-12-22T14:12:21.474817+00:00,662.6420863666666,player_solo_tackles,Malik Mustapha,Over,3.5,-123,2025-12-22T14:11:14Z
2dd4521ee298fa2c6f0ab009c182aae9,Indianapolis Colts,San Francisco 49ers,2025-12-23T01:15:00Z,2025-12-22T14:12:21.474818+00:00,662.64208635,player_solo_tackles,Malik Mustapha,Under,3.5,-105,2025-12-22T14:11:14Z
2dd4521ee298fa2c6f0ab009c182aae9,Indianapolis Colts,San Francisco 49ers,2025-12-23T01:15:00Z,2025-12-22T14:12:21.474820+00:00,662.6420863166666,player_solo_tackles,Dee Winters,Over,3.5,103,2025-12-22T14:11:14Z
2dd4521ee298fa2c6f0ab009c182aae9,Indianapolis Colts,San Francisco 49ers,2025-12-23T01:15:00Z,2025-12-22T14:12:21.474822+00:00,662.6420862833334,player_solo_tackles,Dee Winters,Under,3.5,-133,2025-12-22T14:11:14Z
2dd4521ee298fa2c6f0ab009c182aae9,Indianapolis Colts,San Francisco 49ers,2025-12-23T01:15:00Z,2025-12-22T14:12:21.474824+00:00,662.64208625,player_solo_tackles,Cam Bynum,Over,3.5,137,2025-12-22T14:11:14Z
2dd4521ee298fa2c6f0ab009c182aae9,Indianapolis Colts,San Francisco 49ers,2025-12-23T01:15:00Z,2025-12-22T14:12:21.474826+00:00,662.6420862166667,player_solo_tackles,Cam Bynum,Under,3.5,-178,2025-12-22T14:11:14Z
2dd4521ee298fa2c6f0ab009c182aae9,Indianapolis Colts,San Francisco 49ers,2025-12-23T01:15:00Z,2025-12-22T14:12:21.474828+00:00,662.6420861833334,player_solo_tackles,Mekhi Blackmon,Over,2.5,-130,2025-12-22T14:11:14Z
2dd4521ee298fa2c6f0ab009c182aae9,Indianapolis Colts,San Francisco 49ers,2025-12-23T01:15:00Z,2025-12-22T14:12:21.474829+00:00,662.6420861666667,player_solo_tackles,Mekhi Blackmon,Under,2.5,100,2025-12-22T14:11:14Z
2dd4521ee298fa2c6f0ab009c182aae9,Indianapolis Colts,San Francisco 49ers,2025-12-23T01:15:00Z,2025-12-22T14:12:21.474831+00:00,662.6420861333334,player_solo_tackles,Deommodore Lenoir,Over,2.5,130,2025-12-22T14:11:14Z
2dd4521ee298fa2c6f0ab009c182aae9,Indianapolis Colts,San Francisco 49ers,2025-12-23T01:15:00Z,2025-12-22T14:12:21.474833+00:00,662.6420861,player_solo_tackles,Deommodore Lenoir,Under,2.5,-169,2025-12-22T14:11:14Z
2dd4521ee298fa2c6f0ab009c182aae9,Indianapolis Colts,San Francisco 49ers,2025-12-23T01:15:00Z,2025-12-22T14:12:21.474836+00:00,662.64208605,player_tackles_assists,Zaire Franklin,Over,9.5,-108,2025-12-22T14:11:14Z
2dd4521ee298fa2c6f0ab009c182aae9,Indianapolis Colts,San Francisco 49ers,2025-12-23T01:15:00Z,2025-12-22T14:12:21.474838+00:00,662.6420860166667,player_tackles_assists,Zaire Franklin,Under,9.5,-120,2025-12-22T14:11:14Z
2dd4521ee298fa2c6f0ab009c182aae9,Indianapolis Colts,San Francisco 49ers,2025-12-23T01:15:00Z,2025-12-22T14:12:21.474840+00:00,662.6420859833332,player_tackles_assists,Dee Winters,Over,7.5,110,2025-12-22T14:11:14Z
2dd4521ee298fa2c6f0ab009c182aae9,Indianapolis Colts,San Francisco 49ers,2025-12-23T01:15:00Z,2025-12-22T14:12:21.474842+00:00,662.6420859499999,player_tackles_assists,Dee Winters,Under,7.5,-143,2025-12-22T14:11:14Z
2dd4521ee298fa2c6f0ab009c182aae9,Indianapolis Colts,San Francisco 49ers,2025-12-23T01:15:00Z,2025-12-22T14:12:21.474843+00:00,662.6420859333334,player_tackles_assists,Nick Cross,Over,6.5,-152,2025-12-22T14:11:14Z
2dd4521ee298fa2c6f0ab009c182aae9,Indianapolis Colts,San Francisco 49ers,2025-12-23T01:15:00Z,2025-12-22T14:12:21.474845+00:00,662.6420859000001,player_tackles_assists,Nick Cross,Under,6.5,117,2025-12-22T14:11:14Z
2dd4521ee298fa2c6f0ab009c182aae9,Indianapolis Colts,San Francisco 49ers,2025-12-23T01:15:00Z,2025-12-22T14:12:21.474847+00:00,662.6420858666667,player_tackles_assists,Malik Mustapha,Over,6.5,-129,2025-12-22T14:11:14Z
2dd4521ee298fa2c6f0ab009c182aae9,Indianapolis Colts,San Francisco 49ers,2025-12-23T01:15:00Z,2025-12-22T14:12:21.474849+00:00,662.6420858333333,player_tackles_assists,Malik Mustapha,Under,6.5,100,2025-12-22T14:11:14Z
2dd4521ee298fa2c6f0ab009c182aae9,Indianapolis Colts,San Francisco 49ers,2025-12-23T01:15:00Z,2025-12-22T14:12:21.474851+00:00,662.6420858,player_tackles_assists,Cam Bynum,Over,5.5,104,2025-12-22T14:11:14Z
2dd4521ee298fa2c6f0ab009c182aae9,Indianapolis Colts,San Francisco 49ers,2025-12-23T01:15:00Z,2025-12-22T14:12:21.474853+00:00,662.6420857666667,player_tackles_assists,Cam Bynum,Under,5.5,-134,2025-12-22T14:11:14Z
2dd4521ee298fa2c6f0ab009c182aae9,Indianapolis Colts,San Francisco 49ers,2025-12-23T01:15:00Z,2025-12-22T14:12:21.474855+00:00,662.6420857333334,player_tackles_assists,Deommodore Lenoir,Over,4.5,118,2025-12-22T14:11:14Z
2dd4521ee298fa2c6f0ab009c182aae9,Indianapolis Colts,San Francisco 49ers,2025-12-23T01:15:00Z,2025-12-22T14:12:21.474857+00:00,662.6420856999999,player_tackles_assists,Deommodore Lenoir,Under,4.5,-153,2025-12-22T14:11:14Z
2dd4521ee298fa2c6f0ab009c182aae9,Indianapolis Colts,San Francisco 49ers,2025-12-23T01:15:00Z,2025-12-22T14:12:21.474858+00:00,662.6420856833333,player_tackles_assists,Mekhi Blackmon,Over,4.5,118,2025-12-22T14:11:14Z
2dd4521ee298fa2c6f0ab009c182aae9,Indianapolis Colts,San Francisco 49ers,2025-12-23T01:15:00Z,2025-12-22T14:12:21.474860+00:00,662.64208565,player_tackles_assists,Mekhi Blackmon,Under,4.5,-154,2025-12-22T14:11:14Z
de07002921b9b2b2e1ee2928e4270a3c,Washington Commanders,Dallas Cowboys,2025-12-25T18:00:00Z,2025-12-22T14:12:22.410004+00:00,4547.6264997,player_anytime_td,Javonte Williams,Yes,,-160,2025-12-22T14:12:14Z
de07002921b9b2b2e1ee2928e4270a3c,Washington Commanders,Dallas Cowboys,2025-12-25T18:00:00Z,2025-12-22T14:12:22.410026+00:00,4547.626499533333,player_anytime_td,CeeDee Lamb,Yes,,115,2025-12-22T14:12:14Z
de07002921b9b2b2e1ee2928e4270a3c,Washington Commanders,Dallas Cowboys,2025-12-25T18:00:00Z,2025-12-22T14:12:22.410029+00:00,4547.626499483334,player_anytime_td,George Pickens,Yes,,115,2025-12-22T14:12:14Z
de07002921b9b2b2e1ee2928e4270a3c,Washington Commanders,Dallas Cowboys,2025-12-25T18:00:00Z,2025-12-22T14:12:22.410032+00:00,4547.62649945,player_anytime_td,Jake Ferguson,Yes,,155,2025-12-22T14:12:14Z
de07002921b9b2b2e1ee2928e4270a3c,Washington Commanders,Dallas Cowboys,2025-12-25T18:00:00Z,2025-12-22T14:12:22.410034+00:00,4547.626499416667,player_anytime_td,Malik Davis,Yes,,240,2025-12-22T14:12:14Z
de07002921b9b2b2e1ee2928e4270a3c,Washington Commanders,Dallas Cowboys,2025-12-25T18:00:00Z,2025-12-22T14:12:22.410036+00:00,4547.626499383333,player_anytime_td,KaVontae Turpin,Yes,,330,2025-12-22T14:12:14Z
de07002921b9b2b2e1ee2928e4270a3c,Washington Commanders,Dallas Cowboys,2025-12-25T18:00:00Z,2025-12-22T14:12:22.410038+00:00,4547.626499333333,player_anytime_td,Dak Prescott,Yes,,425,2025-12-22T14:12:14Z
de07002921b9b2b2e1ee2928e4270a3c,Washington Commanders,Dallas Cowboys,2025-12-25T18:00:00Z,2025-12-22T14:12:22.410041+00:00,4547.6264992999995,player_anytime_td,Dallas Cowboys D/ST,Yes,,500,2025-12-22T14:12:14Z
de07002921b9b2b2e1ee2928e4270a3c,Washington Commanders,Dallas Cowboys,2025-12-25T18:00:00Z,2025-12-22T14:12:22.410043+00:00,4547.6264992666665,player_anytime_td,Jonathan Mingo,Yes,,600,2025-12-22T14:12:14Z
de07002921b9b2b2e1ee2928e4270a3c,Washington Commanders,Dallas Cowboys,2025-12-25T18:00:00Z,2025-12-22T14:12:22.410045+00:00,4547.626499233334,player_anytime_td,Luke Schoonmaker,Yes,,750,2025-12-22T14:12:14Z
de07002921b9b2b2e1ee2928e4270a3c,Washington Commanders,Dallas Cowboys,2025-12-25T18:00:00Z,2025-12-22T14:12:22.410047+00:00,4547.626499183333,player_anytime_td,Brevyn Spann-Ford,Yes,,1100,2025-12-22T14:12:14Z
de07002921b9b2b2e1ee2928e4270a3c,Washington Commanders,Dallas Cowboys,2025-12-25T18:00:00Z,2025-12-22T14:12:22.410050+00:00,4547.62649915,player_anytime_td,Hunter Luepke,Yes,,1600,2025-12-22T14:12:14Z
